Spotify URI,Voter ID,Created,Points Assigned,Comment,Round ID
spotify:track:1qw2rsoB66rYi9GF1vnXMB,cb32b95f19b94a969db5e02c6102bb00,2025-11-26T01:01:03Z,0,"Beautiful vocals with a great folk influence for this cover/remix. So really nice stylistic transformation. Unfortunately, the original song doesn't have much in terms of melody rhythm of harmonics which feels very restrictive, On top of that, there doesn't seem to be much of a story, more of a jest,",e892aa3abc704c919b93944a0ff326f6
spotify:track:2fXKyAyPrEa24c6PJyqznF,cb32b95f19b94a969db5e02c6102bb00,2025-11-26T01:01:03Z,0,"A very straightforward song, however, it has excellent build by dramatic layering which support very well the narrative escalation. It's a clear message and it gets there in a very authentic way, even the melodic and harmonic monotony can't prevent a nice listening experience",e892aa3abc704c919b93944a0ff326f6
spotify:track:2LN8mDsvMvG7JU69vtpLhk,cb32b95f19b94a969db5e02c6102bb00,2025-11-26T01:01:03Z,0,"Didn't know this song, so thank you for submitting. Very strong expressive delivery of a story full of great imagery and dramatic irony. The music is clearly the supporting cast, helping the dramatic escalation. I enjoyed listening to it.",e892aa3abc704c919b93944a0ff326f6
spotify:track:3hb2ScEVkGchcAQqrPLP0R,cb32b95f19b94a969db5e02c6102bb00,2025-11-26T01:01:03Z,0,"Great production, a good hook with a unique vocal timbre. But the song as a whole or the story doesn't strike a chord with me. Probably doesn't help that It's been played zillions of times on the radio.",e892aa3abc704c919b93944a0ff326f6
spotify:track:1gsQmDnyXfq6jPIXYCPKHB,cb32b95f19b94a969db5e02c6102bb00,2025-11-26T01:01:03Z,0,"Didn't know this song from New Order, so thank you for submitting. The music however is very non-expressive for me, with very little tonal nuance and no development. So maybe that's just a way to focus the listener on the story, but also there I found it too literal for and ambiguous story.",e892aa3abc704c919b93944a0ff326f6
spotify:track:3qpJzh7qdmHVokaYdeZWfR,cb32b95f19b94a969db5e02c6102bb00,2025-11-26T01:01:03Z,5,"Raw, gripping and honest. This indeed very much describes and makes you feel the sufferings of someone suffering from depression or psychosis. However, some form of this dialog is present in everyone. There is a lot of emotion in his delivery, and the simple guitar does a great job in supporting this great portrayal. Didn't know this song, so thank you for submitting. ",e892aa3abc704c919b93944a0ff326f6
spotify:track:3UmaczJpikHgJFyBTAJVoz,cb32b95f19b94a969db5e02c6102bb00,2025-11-26T01:01:03Z,1,"A classic in storytelling and a great illustration of obsessive fans. For me, It lacks development musically to underpin the escalation in the story. but that's likely a stylistic choice. The delivery and flow however is unmatched. A great song.",e892aa3abc704c919b93944a0ff326f6
spotify:track:4NnWuGQujzWUEg0uZokO5M,cb32b95f19b94a969db5e02c6102bb00,2025-11-26T01:01:03Z,0,"I didn't find much of a story in this one, and the music didn't do much for me either, unfortunately. One-dimensional, conventional, mediocre performance...",e892aa3abc704c919b93944a0ff326f6
spotify:track:5IMtdHjJ1OtkxbGe4zfUxQ,cb32b95f19b94a969db5e02c6102bb00,2025-11-26T01:01:03Z,0,"Predictable story, but nicely done and enjoyable. Some nice variation in flow of lyrics. Musically, not much to get here except an overall relaxed feeling. ",e892aa3abc704c919b93944a0ff326f6
spotify:track:6crBy2sODw2HS53xquM6us,cb32b95f19b94a969db5e02c6102bb00,2025-11-26T01:01:03Z,4,"a fun story AND a good song? Apparently it can be done. This is the perfect combination of Jack Black's comedic and musical genius. great build and escalation as the story unfolds, great variety and contrast in melody and rhythm. For my taste they could have worked in a bit more harmonic variation, but that's very clearly a stylistic choice.",e892aa3abc704c919b93944a0ff326f6
spotify:track:6fxVffaTuwjgEk5h9QyRjy,cb32b95f19b94a969db5e02c6102bb00,2025-11-26T01:01:03Z,0,"Great production that develops the songs soundscape. But besides that, extremely conventional and cliché in all aspects. Not for me. Also, didn't find a real story",e892aa3abc704c919b93944a0ff326f6
spotify:track:6H503HrJOogVycvQkq2SuG,cb32b95f19b94a969db5e02c6102bb00,2025-11-26T01:01:03Z,0,"Good song, original, but it feels more as a documentary than a song. It brings across the story very factual, but for me lacks the musical connection to also bring the emotion across. Didn't know this song, so thank you for submitting. ",e892aa3abc704c919b93944a0ff326f6
spotify:track:6xpDh0dXrkVp0Po1qrHUd8,cb32b95f19b94a969db5e02c6102bb00,2025-11-26T01:01:03Z,0,"Meh... powerful subject, but it didn't make me feel anything. It has some development, but the harmonics, rhythm, melody and vocal delivery are very static.",e892aa3abc704c919b93944a0ff326f6
spotify:track:00Mb3DuaIH1kjrwOku9CGU,cb32b95f19b94a969db5e02c6102bb00,2025-11-26T01:01:03Z,0,"A true pop culture icon, referenced countless times. Also, apparently Avril still looks the same. For me, it's ok to listen to, but it's conventional in every way. It has a chord progression of 8 chords instead of 4, that's something :) The story clear and understandable, but ultimately doesn't move me",e892aa3abc704c919b93944a0ff326f6
spotify:track:00Mb3DuaIH1kjrwOku9CGU,17967ba07eb34cc79ad594431228c338,2025-11-26T05:46:05Z,2,"I loved this song so much in high school! I can't tell you how much better it sounds with two 12"" subwoofers in the trunk of a hatchback. More bass than you would think when listening on regular speakers. And the story felt so meaningful at the time as well.",e892aa3abc704c919b93944a0ff326f6
spotify:track:1qw2rsoB66rYi9GF1vnXMB,17967ba07eb34cc79ad594431228c338,2025-11-26T05:46:05Z,0,I would have voted for the Weeknd version...,e892aa3abc704c919b93944a0ff326f6
spotify:track:2fXKyAyPrEa24c6PJyqznF,17967ba07eb34cc79ad594431228c338,2025-11-26T05:46:05Z,1,,e892aa3abc704c919b93944a0ff326f6
spotify:track:2K9HIbwDrjsOJ0dkKgZd1C,17967ba07eb34cc79ad594431228c338,2025-11-26T05:46:05Z,2,,e892aa3abc704c919b93944a0ff326f6
spotify:track:3UmaczJpikHgJFyBTAJVoz,17967ba07eb34cc79ad594431228c338,2025-11-26T05:46:05Z,3,,e892aa3abc704c919b93944a0ff326f6
spotify:track:6xpDh0dXrkVp0Po1qrHUd8,17967ba07eb34cc79ad594431228c338,2025-11-26T05:46:05Z,2,,e892aa3abc704c919b93944a0ff326f6
spotify:track:00Mb3DuaIH1kjrwOku9CGU,6f82e8f8fc0c4ad7a1e7973ea55efcba,2025-11-27T08:08:03Z,0,This does bring back memories from my MTV time.,e892aa3abc704c919b93944a0ff326f6
spotify:track:1gsQmDnyXfq6jPIXYCPKHB,6f82e8f8fc0c4ad7a1e7973ea55efcba,2025-11-27T08:08:03Z,1,What a sad story..,e892aa3abc704c919b93944a0ff326f6
spotify:track:1qw2rsoB66rYi9GF1vnXMB,6f82e8f8fc0c4ad7a1e7973ea55efcba,2025-11-27T08:08:03Z,0,The medieval theme does sound like a great story is being told. Funny cover from the Weeknd. But I found the story lacking depth. ,e892aa3abc704c919b93944a0ff326f6
spotify:track:2dr2G3Ku8K5WaqXyPpsz0z,6f82e8f8fc0c4ad7a1e7973ea55efcba,2025-11-27T08:08:03Z,3,"I have also wondered what, as a parent, I should do. Sometimes the 'correct' path isn't the safest for your family. What is the correct path? Would I dare to take it?",e892aa3abc704c919b93944a0ff326f6
spotify:track:2fXKyAyPrEa24c6PJyqznF,6f82e8f8fc0c4ad7a1e7973ea55efcba,2025-11-27T08:08:03Z,1,I'm already living as common people....,e892aa3abc704c919b93944a0ff326f6
spotify:track:2K9HIbwDrjsOJ0dkKgZd1C,6f82e8f8fc0c4ad7a1e7973ea55efcba,2025-11-27T08:08:03Z,1,,e892aa3abc704c919b93944a0ff326f6
spotify:track:5IMtdHjJ1OtkxbGe4zfUxQ,6f82e8f8fc0c4ad7a1e7973ea55efcba,2025-11-27T08:08:03Z,1,Funny story! Did not know this one.,e892aa3abc704c919b93944a0ff326f6
spotify:track:6crBy2sODw2HS53xquM6us,6f82e8f8fc0c4ad7a1e7973ea55efcba,2025-11-27T08:08:03Z,1,I forgot about this one! I really laughed the first time I heard this song.,e892aa3abc704c919b93944a0ff326f6
spotify:track:6H503HrJOogVycvQkq2SuG,6f82e8f8fc0c4ad7a1e7973ea55efcba,2025-11-27T08:08:03Z,2,Strong story!,e892aa3abc704c919b93944a0ff326f6
spotify:track:2fXKyAyPrEa24c6PJyqznF,8f417b39dd2c4db190f99a5c65de0d17,2025-11-28T09:59:38Z,0,"Nice build up of the music, but no points for this one.",e892aa3abc704c919b93944a0ff326f6
spotify:track:00Mb3DuaIH1kjrwOku9CGU,8f417b39dd2c4db190f99a5c65de0d17,2025-11-28T09:59:38Z,2,I love how absolutely meta that last verse is.   ,e892aa3abc704c919b93944a0ff326f6
spotify:track:1gsQmDnyXfq6jPIXYCPKHB,8f417b39dd2c4db190f99a5c65de0d17,2025-11-28T09:59:38Z,0,"Story is pretty good, but the singing is (gently put) incredibly meh. ",e892aa3abc704c919b93944a0ff326f6
spotify:track:1qw2rsoB66rYi9GF1vnXMB,8f417b39dd2c4db190f99a5c65de0d17,2025-11-28T09:59:38Z,0,"I thought it started comedic, but then it wasn't funny anymore after that :( Nice take on the song and nice singing but according to the prompt there was not enough story here to earn a point. ",e892aa3abc704c919b93944a0ff326f6
spotify:track:2dr2G3Ku8K5WaqXyPpsz0z,8f417b39dd2c4db190f99a5c65de0d17,2025-11-28T09:59:38Z,2,"Courageous to pick a Dutch song, but I really appreciated this one. I hope the others looked up a translation, and if not before voting consider doing it now anyway. Worth it. ",e892aa3abc704c919b93944a0ff326f6
spotify:track:2K9HIbwDrjsOJ0dkKgZd1C,8f417b39dd2c4db190f99a5c65de0d17,2025-11-28T09:59:38Z,1,Great story!,e892aa3abc704c919b93944a0ff326f6
spotify:track:2LN8mDsvMvG7JU69vtpLhk,8f417b39dd2c4db190f99a5c65de0d17,2025-11-28T09:59:38Z,1,I'm upset at the open ending -_- Otherwise great song!,e892aa3abc704c919b93944a0ff326f6
spotify:track:3hb2ScEVkGchcAQqrPLP0R,8f417b39dd2c4db190f99a5c65de0d17,2025-11-28T09:59:38Z,0,After all the memes and gags I finally took the time to properly listen to this one. Lyrics drip of remembrence and nostalgia which is kinda nice. Hard to get past how overplayed this song is tho :(,e892aa3abc704c919b93944a0ff326f6
spotify:track:3qpJzh7qdmHVokaYdeZWfR,8f417b39dd2c4db190f99a5c65de0d17,2025-11-28T09:59:38Z,1,"I found out about this one quite recently and submitted it two leagues ago. Then I found out it was submitted to one of the few leagues I missed so it lacked the impact of surprise. What a trip though, eh? Point for a like minded spirit!",e892aa3abc704c919b93944a0ff326f6
spotify:track:3UmaczJpikHgJFyBTAJVoz,8f417b39dd2c4db190f99a5c65de0d17,2025-11-28T09:59:38Z,1,"Emma thought I would submit this one. I would've but I already had other plans. Amazing song that still maintains Eminems style, while also humanizing him in a good way. I think it was the first song where I thought he was a decent human being behind the ganster facade. ",e892aa3abc704c919b93944a0ff326f6
spotify:track:4NnWuGQujzWUEg0uZokO5M,8f417b39dd2c4db190f99a5c65de0d17,2025-11-28T09:59:38Z,0,Story is a bit too vague... did he push her off a cliff into the ocean and regretted it later? Or am I just thinking way too dark here ¯\_(ツ)_/¯,e892aa3abc704c919b93944a0ff326f6
spotify:track:5IMtdHjJ1OtkxbGe4zfUxQ,8f417b39dd2c4db190f99a5c65de0d17,2025-11-28T09:59:38Z,2,Perfect story with a twist! Relationship is doomed though since both were willing to cheat their way out. ,e892aa3abc704c919b93944a0ff326f6
spotify:track:6crBy2sODw2HS53xquM6us,8f417b39dd2c4db190f99a5c65de0d17,2025-11-28T09:59:38Z,0,"While I try to stay away from the popular charts, I couldn't pass up this Tenacious D gem. Upon further inspection though... it only hit the charts in the UK, NZ, AUS and of course NL :D USA didn't like it that much, eh?",e892aa3abc704c919b93944a0ff326f6
spotify:track:6fxVffaTuwjgEk5h9QyRjy,8f417b39dd2c4db190f99a5c65de0d17,2025-11-28T09:59:38Z,0,"Not quite a story. Fine lyrics about the nature of photographs, though. There might be a story buried underneath but it's up to everyones personal interpretation. ",e892aa3abc704c919b93944a0ff326f6
spotify:track:6xpDh0dXrkVp0Po1qrHUd8,8f417b39dd2c4db190f99a5c65de0d17,2025-11-28T09:59:38Z,0,"Not really a story, more like a suicide note. Good song, but controversial. I just went to an inspirational evening on how to raise teenagers with Emma and themes like this scare me nowadays. My kids are fine, but as a parent these ""messages"" and signs hit harder, I think. ",e892aa3abc704c919b93944a0ff326f6
spotify:track:00Mb3DuaIH1kjrwOku9CGU,03706e4d1d7f485fb17402c595c6e3d2,2025-11-28T20:34:52Z,1,,e892aa3abc704c919b93944a0ff326f6
spotify:track:2dr2G3Ku8K5WaqXyPpsz0z,03706e4d1d7f485fb17402c595c6e3d2,2025-11-28T20:34:52Z,1,,e892aa3abc704c919b93944a0ff326f6
spotify:track:2fXKyAyPrEa24c6PJyqznF,03706e4d1d7f485fb17402c595c6e3d2,2025-11-28T20:34:52Z,1,,e892aa3abc704c919b93944a0ff326f6
spotify:track:2K9HIbwDrjsOJ0dkKgZd1C,03706e4d1d7f485fb17402c595c6e3d2,2025-11-28T20:34:52Z,1,,e892aa3abc704c919b93944a0ff326f6
spotify:track:3qpJzh7qdmHVokaYdeZWfR,03706e4d1d7f485fb17402c595c6e3d2,2025-11-28T20:34:52Z,1,,e892aa3abc704c919b93944a0ff326f6
spotify:track:3UmaczJpikHgJFyBTAJVoz,03706e4d1d7f485fb17402c595c6e3d2,2025-11-28T20:34:52Z,1,,e892aa3abc704c919b93944a0ff326f6
spotify:track:4NnWuGQujzWUEg0uZokO5M,03706e4d1d7f485fb17402c595c6e3d2,2025-11-28T20:34:52Z,1,,e892aa3abc704c919b93944a0ff326f6
spotify:track:5IMtdHjJ1OtkxbGe4zfUxQ,03706e4d1d7f485fb17402c595c6e3d2,2025-11-28T20:34:52Z,1,,e892aa3abc704c919b93944a0ff326f6
spotify:track:6crBy2sODw2HS53xquM6us,03706e4d1d7f485fb17402c595c6e3d2,2025-11-28T20:34:52Z,1,,e892aa3abc704c919b93944a0ff326f6
spotify:track:6H503HrJOogVycvQkq2SuG,03706e4d1d7f485fb17402c595c6e3d2,2025-11-28T20:34:52Z,1,,e892aa3abc704c919b93944a0ff326f6
spotify:track:4NnWuGQujzWUEg0uZokO5M,40c82386fde649698175204b126c1f48,2025-11-30T14:28:04Z,0,"A beautiful little story about a lost love, by Robert Smith who's been happily dating and married to his high school girlfriend for 50 years",e892aa3abc704c919b93944a0ff326f6
spotify:track:00Mb3DuaIH1kjrwOku9CGU,40c82386fde649698175204b126c1f48,2025-11-30T14:28:04Z,1,,e892aa3abc704c919b93944a0ff326f6
spotify:track:1gsQmDnyXfq6jPIXYCPKHB,40c82386fde649698175204b126c1f48,2025-11-30T14:28:04Z,2,A favorite of mine.  I always thought of it as a ghost story.  Is the war as righteous as the unreliable narrator thinks?  I feel like it's a commentary on the human cost of 'patriotism'.,e892aa3abc704c919b93944a0ff326f6
spotify:track:1qw2rsoB66rYi9GF1vnXMB,40c82386fde649698175204b126c1f48,2025-11-30T14:28:04Z,0,"I liked how she changed the lyrics to Ser Weeknd's song to have a little more story to it.  Might not be as much of a story as some others on the playlist, but with two songs per round I want to try to pick more fun stuff",e892aa3abc704c919b93944a0ff326f6
spotify:track:2fXKyAyPrEa24c6PJyqznF,40c82386fde649698175204b126c1f48,2025-11-30T14:28:04Z,2,"Someone is baiting me with these picks, I think.  It's like they know I can't _not_ give a bunch of points to these two songs...",e892aa3abc704c919b93944a0ff326f6
spotify:track:2K9HIbwDrjsOJ0dkKgZd1C,40c82386fde649698175204b126c1f48,2025-11-30T14:28:04Z,1,"Another one that I should give more points to, but I'm already stretched pretty thin",e892aa3abc704c919b93944a0ff326f6
spotify:track:2LN8mDsvMvG7JU69vtpLhk,40c82386fde649698175204b126c1f48,2025-11-30T14:28:04Z,1,"Surprisingly other than We're Gonna Be Friends, I think this is the first Jack White song across all my music leagues",e892aa3abc704c919b93944a0ff326f6
spotify:track:3qpJzh7qdmHVokaYdeZWfR,40c82386fde649698175204b126c1f48,2025-11-30T14:28:04Z,1,"Somebody else might mention that this song has popped up a few times in other leagues.  I tried not to let that affect my vote for this, and I still think it's neat.",e892aa3abc704c919b93944a0ff326f6
spotify:track:6fxVffaTuwjgEk5h9QyRjy,40c82386fde649698175204b126c1f48,2025-11-30T14:28:04Z,1,,e892aa3abc704c919b93944a0ff326f6
spotify:track:6H503HrJOogVycvQkq2SuG,40c82386fde649698175204b126c1f48,2025-11-30T14:28:04Z,1,,e892aa3abc704c919b93944a0ff326f6
spotify:track:1gsQmDnyXfq6jPIXYCPKHB,8e89c17884874f70b85ac9e4dcf5e8ef,2025-11-30T15:12:05Z,2,Loved this,e892aa3abc704c919b93944a0ff326f6
spotify:track:1qw2rsoB66rYi9GF1vnXMB,8e89c17884874f70b85ac9e4dcf5e8ef,2025-11-30T15:12:05Z,1,Lovely. I liked this better than The Weeknd's version,e892aa3abc704c919b93944a0ff326f6
spotify:track:2dr2G3Ku8K5WaqXyPpsz0z,8e89c17884874f70b85ac9e4dcf5e8ef,2025-11-30T15:12:05Z,1,My first time listening to a Dutch song,e892aa3abc704c919b93944a0ff326f6
spotify:track:2LN8mDsvMvG7JU69vtpLhk,8e89c17884874f70b85ac9e4dcf5e8ef,2025-11-30T15:12:05Z,1,Interesting story,e892aa3abc704c919b93944a0ff326f6
spotify:track:3UmaczJpikHgJFyBTAJVoz,8e89c17884874f70b85ac9e4dcf5e8ef,2025-11-30T15:12:05Z,1,This song aged well,e892aa3abc704c919b93944a0ff326f6
spotify:track:4NnWuGQujzWUEg0uZokO5M,8e89c17884874f70b85ac9e4dcf5e8ef,2025-11-30T15:12:05Z,1,The Cure will usually get my vote. Still one of my favorite songs and music videos of all time,e892aa3abc704c919b93944a0ff326f6
spotify:track:6crBy2sODw2HS53xquM6us,8e89c17884874f70b85ac9e4dcf5e8ef,2025-11-30T15:12:05Z,2,,e892aa3abc704c919b93944a0ff326f6
spotify:track:6H503HrJOogVycvQkq2SuG,8e89c17884874f70b85ac9e4dcf5e8ef,2025-11-30T15:12:05Z,0,"As a Japanese American whose family also immigrated to the US in 1905, I appreciated the history lesson. I've been meaning to check out his music, though I didn't click with the flow of this song",e892aa3abc704c919b93944a0ff326f6
spotify:track:00Mb3DuaIH1kjrwOku9CGU,8e89c17884874f70b85ac9e4dcf5e8ef,2025-11-30T15:12:05Z,1,Oh Avril,e892aa3abc704c919b93944a0ff326f6
spotify:track:1qw2rsoB66rYi9GF1vnXMB,f2c7860442964a8aa327c08f81ce884e,2025-11-30T16:20:03Z,0,"I really like the song, had no idea Bardcore was a thing....  But I'm not really seeing the story? I want to give it a point, but I'm going to let the theme take charge....",e892aa3abc704c919b93944a0ff326f6
spotify:track:2dr2G3Ku8K5WaqXyPpsz0z,f2c7860442964a8aa327c08f81ce884e,2025-11-30T16:20:03Z,1,Yorick had to explain the song to me..... ,e892aa3abc704c919b93944a0ff326f6
spotify:track:2fXKyAyPrEa24c6PJyqznF,f2c7860442964a8aa327c08f81ce884e,2025-11-30T16:20:03Z,0,"Interesting message, though I didn't really find a story in it.",e892aa3abc704c919b93944a0ff326f6
spotify:track:2K9HIbwDrjsOJ0dkKgZd1C,f2c7860442964a8aa327c08f81ce884e,2025-11-30T16:20:03Z,1,"A classic, but not my favorite.",e892aa3abc704c919b93944a0ff326f6
spotify:track:3hb2ScEVkGchcAQqrPLP0R,f2c7860442964a8aa327c08f81ce884e,2025-11-30T16:20:03Z,0,I didn't find the story here either. Just some guy looking at photographs and remembering things here and there.,e892aa3abc704c919b93944a0ff326f6
spotify:track:2LN8mDsvMvG7JU69vtpLhk,f2c7860442964a8aa327c08f81ce884e,2025-11-30T16:20:03Z,2,"I think the milkman is the little brother's daddy.... I enjoyed this...but I often listen to crime podcasts, lol.",e892aa3abc704c919b93944a0ff326f6
spotify:track:3qpJzh7qdmHVokaYdeZWfR,f2c7860442964a8aa327c08f81ce884e,2025-11-30T16:20:03Z,0,"Listening to it again, I appreciate it a little more. I don't really see a story in this, but it does have an interesting dialogue.",e892aa3abc704c919b93944a0ff326f6
spotify:track:3UmaczJpikHgJFyBTAJVoz,f2c7860442964a8aa327c08f81ce884e,2025-11-30T16:20:03Z,1,"Yeah, another twisty 'song'. I only give it 1 point for the story, but not so much as a song. (I think Kenji is more a song than this, for example.)",e892aa3abc704c919b93944a0ff326f6
spotify:track:4NnWuGQujzWUEg0uZokO5M,f2c7860442964a8aa327c08f81ce884e,2025-11-30T16:20:03Z,0,"I don't think there's a story here, or I'm completely missing it.",e892aa3abc704c919b93944a0ff326f6
spotify:track:6crBy2sODw2HS53xquM6us,f2c7860442964a8aa327c08f81ce884e,2025-11-30T16:20:03Z,2,It's a great story. Thank goodness Jack Black saved us all from doom.,e892aa3abc704c919b93944a0ff326f6
spotify:track:6fxVffaTuwjgEk5h9QyRjy,f2c7860442964a8aa327c08f81ce884e,2025-11-30T16:20:03Z,0,"Yeah, photographs are great, but where's the story?",e892aa3abc704c919b93944a0ff326f6
spotify:track:6H503HrJOogVycvQkq2SuG,f2c7860442964a8aa327c08f81ce884e,2025-11-30T16:20:03Z,2,"Comparing this to Stan, I find this more of a song. Anyway, this based on true story makes me sad.",e892aa3abc704c919b93944a0ff326f6
spotify:track:6xpDh0dXrkVp0Po1qrHUd8,f2c7860442964a8aa327c08f81ce884e,2025-11-30T16:20:03Z,0,"It's not a story, but I see the message, that I kind of feel guilty to not give this a point.... But points are limited, so......",e892aa3abc704c919b93944a0ff326f6
spotify:track:1gsQmDnyXfq6jPIXYCPKHB,f2c7860442964a8aa327c08f81ce884e,2025-11-30T16:20:03Z,1,"A short story!  Indeed, I am wondering if the soldier is a ghost or what....whoa....",e892aa3abc704c919b93944a0ff326f6
spotify:track:0Z7nGFVCLfixWctgePsRk9,cb32b95f19b94a969db5e02c6102bb00,2025-12-02T22:03:07Z,0,"I really appreciate the effort here in blending genres while still being a Beyoncé song. Yes, it's still a pop song with straightforward progression and harmonics, it mainly borrows the instruments and sound, and not so much the structure. But still, it's creative, and I always enjoy seeing people try something new. What I really missed is her vocals. She has an amazing voice, but hardly used it in this song...",6c42e6747cd0462db26ba8605f729d93
spotify:track:1Cj2vqUwlJVG27gJrun92y,cb32b95f19b94a969db5e02c6102bb00,2025-12-02T22:03:07Z,0,"I'm conflicted on this one. It's great vocal and orchestral performance, and it's an emotional song. Sure, after the first crescendo, the rest of the song is a bit too predictable for my taste, but on paper, I should have really enjoyed listening to it, but instead I didn't feel too much either way. Maybe it was because I felt his voice lost its emotional power when the song started to develop in intensity.",6c42e6747cd0462db26ba8605f729d93
spotify:track:0S3gpZzlT9Hb7CCSV2owX7,cb32b95f19b94a969db5e02c6102bb00,2025-12-02T22:03:07Z,2,"Two Ozzy ballets? Come on... we can do better than that.  A nice ballet nonetheless, and for me, one of his better songs. It's very warm with great timbre with an iconic bridge. But it also lacks for me the vocal performance and virtuosity to really deliver an emotional message. The melody is enjoyable, but the fairly straightforward harmonics and standard rhythm keep it from being an excellent song for me.",6c42e6747cd0462db26ba8605f729d93
spotify:track:1cPXOzyeZauSAsT1yy7aBp,cb32b95f19b94a969db5e02c6102bb00,2025-12-02T22:03:07Z,0,"meh meh meh... really wanted to like this song as it is very different from their normal work, but the vocals are just so inconsistent and it's such a linear song. I did enjoy the arrangement and instrumental performance.",6c42e6747cd0462db26ba8605f729d93
spotify:track:2XlwQp17g1hnMGueyMY6pr,cb32b95f19b94a969db5e02c6102bb00,2025-12-02T22:03:07Z,6,"Sting and Herbie, what a magical mashup. Great reinterpretation of a classic. Intimate, and harmonically sophisticated. It really puts the skills of the artists on display with basically the majority of the song being just String and Herbie with a subtle Double bass as backdrop. Great stuff",6c42e6747cd0462db26ba8605f729d93
spotify:track:2ysXuQd8uOfSMZcMRR5Ux4,cb32b95f19b94a969db5e02c6102bb00,2025-12-02T22:03:07Z,0,"I like this exploration, but it's so static and repetitive with virtually no development. And the production is so flat and tight, like I'm listening to a metronome.",6c42e6747cd0462db26ba8605f729d93
spotify:track:35ItUJlMtjOQW3SSiTCrrw,cb32b95f19b94a969db5e02c6102bb00,2025-12-02T22:03:07Z,0,"Fun to listen to for a bit, and they're definitely able to recreate this rockabilly feel. But they did a pretty much 1:1 rendition of the original song with very little innovation in arrangement, performance, harmonic, whatever. So yeah, it's ok",6c42e6747cd0462db26ba8605f729d93
spotify:track:3DlRZM6zKSlAZigHbJQ3cp,cb32b95f19b94a969db5e02c6102bb00,2025-12-02T22:03:07Z,0,"Yes, she did capture the psychedelic groovy 60's vibe, but It doesn't feel like a big departure from her other work for me. It has a nice and powerful hook, but that's pretty much the whole song. Just too repetitive to enjoy it past the first 30 seconds (those first 30 seconds I really enjoyed)",6c42e6747cd0462db26ba8605f729d93
spotify:track:4IvZLDtwBHmBmwgDIUbuwa,cb32b95f19b94a969db5e02c6102bb00,2025-12-02T22:03:07Z,0,"Yup, it's a pop song. It was difficult to find anything in here that I liked.",6c42e6747cd0462db26ba8605f729d93
spotify:track:5H1sKFMzDeMtXwND3V6hRY,cb32b95f19b94a969db5e02c6102bb00,2025-12-02T22:03:07Z,1,"Nice fusion between K-pop and hardstyle/EDM. Very driving hardstyle beat, making this ready to be played in the club. It's creative and confident. And for a hardstyle/EDM song, I quite liked it, even tho it was very hook-driven.",6c42e6747cd0462db26ba8605f729d93
spotify:track:5QdBAG8cpZhM3kIAQLDRN2,cb32b95f19b94a969db5e02c6102bb00,2025-12-02T22:03:07Z,0,"Two Ozzy ballets? Come on... we can do better than that. But unlike in the other one, there isn't much here for me. Literal lyrics, repetitive harmonics and structure with a weak melody. Also, for me, it doesn't feel cohesive.",6c42e6747cd0462db26ba8605f729d93
spotify:track:5X6yCKuV7JIBDhlON8rNEm,cb32b95f19b94a969db5e02c6102bb00,2025-12-02T22:03:07Z,1,"Perfect analysis and description of a 00's pop song. Very mediocre, repetitive song, but it was funny, so points for that",6c42e6747cd0462db26ba8605f729d93
spotify:track:6F2vo4sxRNQ58VYe3pdiaL,cb32b95f19b94a969db5e02c6102bb00,2025-12-02T22:03:07Z,0,"Very creative, mixing a lot of genres that weren't mixed before. Interesting listening. It has a nice funk feel throughout, with some solos, but it is fairly harmonically underdeveloped and repetitive. It could have been so much more...",6c42e6747cd0462db26ba8605f729d93
spotify:track:6oT5s4bAHOMM5cvt1v9Kzv,cb32b95f19b94a969db5e02c6102bb00,2025-12-02T22:03:07Z,0,"Nice vocal delivery, but the song relies a bit too much on this vocal delivery, with everything else being fairly underdeveloped. It does have a nice Americana feel to it.",6c42e6747cd0462db26ba8605f729d93
spotify:track:0S3gpZzlT9Hb7CCSV2owX7,17967ba07eb34cc79ad594431228c338,2025-12-03T04:09:25Z,3,,6c42e6747cd0462db26ba8605f729d93
spotify:track:1Cj2vqUwlJVG27gJrun92y,17967ba07eb34cc79ad594431228c338,2025-12-03T04:09:25Z,2,"I tried to pick this song, but you beat me to it! I'll never forget how beautiful this song was when Vanessa James and Morgan Cipres skated to it in the 2018 Olympics.",6c42e6747cd0462db26ba8605f729d93
spotify:track:2ysXuQd8uOfSMZcMRR5Ux4,17967ba07eb34cc79ad594431228c338,2025-12-03T04:09:25Z,2,"To be fair, this whole album felt like a departure from their usual style, but I'm feeling it.",6c42e6747cd0462db26ba8605f729d93
spotify:track:3DlRZM6zKSlAZigHbJQ3cp,17967ba07eb34cc79ad594431228c338,2025-12-03T04:09:25Z,2,,6c42e6747cd0462db26ba8605f729d93
spotify:track:5QdBAG8cpZhM3kIAQLDRN2,17967ba07eb34cc79ad594431228c338,2025-12-03T04:09:25Z,1,,6c42e6747cd0462db26ba8605f729d93
spotify:track:0Z7nGFVCLfixWctgePsRk9,6f82e8f8fc0c4ad7a1e7973ea55efcba,2025-12-03T13:09:42Z,1,"Super recognizable voice, but definitely a different style!",6c42e6747cd0462db26ba8605f729d93
spotify:track:1cPXOzyeZauSAsT1yy7aBp,6f82e8f8fc0c4ad7a1e7973ea55efcba,2025-12-03T13:09:42Z,2,I wouldn't guess this was Kiss!,6c42e6747cd0462db26ba8605f729d93
spotify:track:2XlwQp17g1hnMGueyMY6pr,6f82e8f8fc0c4ad7a1e7973ea55efcba,2025-12-03T13:09:42Z,2,Never would have thought Sting would have a lovely jazz voice!,6c42e6747cd0462db26ba8605f729d93
spotify:track:2ysXuQd8uOfSMZcMRR5Ux4,6f82e8f8fc0c4ad7a1e7973ea55efcba,2025-12-03T13:09:42Z,0,"Good pick, this is not a Linkin Park sound. Sorry, don't really like the song.",6c42e6747cd0462db26ba8605f729d93
spotify:track:35ItUJlMtjOQW3SSiTCrrw,6f82e8f8fc0c4ad7a1e7973ea55efcba,2025-12-03T13:09:42Z,0,"I love Queen! But I don't think this is super different from other Queen songs. Still very theatrical, what is very Queen.",6c42e6747cd0462db26ba8605f729d93
spotify:track:3DlRZM6zKSlAZigHbJQ3cp,6f82e8f8fc0c4ad7a1e7973ea55efcba,2025-12-03T13:09:42Z,1,"I can remember this came out, and it was a different sound we were used to. Madonna could stay relevant for multiple decades.",6c42e6747cd0462db26ba8605f729d93
spotify:track:4IvZLDtwBHmBmwgDIUbuwa,6f82e8f8fc0c4ad7a1e7973ea55efcba,2025-12-03T13:09:42Z,0,"I had to do some research, I don't know the Pixies, so I cound't tell if its different. Its a bit softer, sorry, don't have anymore points to give.",6c42e6747cd0462db26ba8605f729d93
spotify:track:4qb8QUWJCrW3hHuUcSSvmC,6f82e8f8fc0c4ad7a1e7973ea55efcba,2025-12-03T13:09:42Z,1,,6c42e6747cd0462db26ba8605f729d93
spotify:track:5G2RyS5wHOHh8JjLg13AnJ,6f82e8f8fc0c4ad7a1e7973ea55efcba,2025-12-03T13:09:42Z,1,,6c42e6747cd0462db26ba8605f729d93
spotify:track:5H1sKFMzDeMtXwND3V6hRY,6f82e8f8fc0c4ad7a1e7973ea55efcba,2025-12-03T13:09:42Z,0,My kids were happy when this came on. Still all sound the same to me..,6c42e6747cd0462db26ba8605f729d93
spotify:track:5QdBAG8cpZhM3kIAQLDRN2,6f82e8f8fc0c4ad7a1e7973ea55efcba,2025-12-03T13:09:42Z,0,"Oh no, I also submitted a song from Ozzy, apparently a softer song is not that out of the ordinary :(",6c42e6747cd0462db26ba8605f729d93
spotify:track:5X6yCKuV7JIBDhlON8rNEm,6f82e8f8fc0c4ad7a1e7973ea55efcba,2025-12-03T13:09:42Z,1,"I had to do listen to Psychostick before I could judge this song... What did I just listen to, haha! Is this a metal version of Weird Al Yankovic??",6c42e6747cd0462db26ba8605f729d93
spotify:track:6F2vo4sxRNQ58VYe3pdiaL,6f82e8f8fc0c4ad7a1e7973ea55efcba,2025-12-03T13:09:42Z,1,I would not have guessed Blondie could rap.,6c42e6747cd0462db26ba8605f729d93
spotify:track:6oT5s4bAHOMM5cvt1v9Kzv,6f82e8f8fc0c4ad7a1e7973ea55efcba,2025-12-03T13:09:42Z,0,"Her voice is still very recognizable, but different.",6c42e6747cd0462db26ba8605f729d93
spotify:track:0S3gpZzlT9Hb7CCSV2owX7,8f417b39dd2c4db190f99a5c65de0d17,2025-12-04T17:45:05Z,1,"You know what, this was a much better use of his voice. Interesting choice!",6c42e6747cd0462db26ba8605f729d93
spotify:track:0Z7nGFVCLfixWctgePsRk9,8f417b39dd2c4db190f99a5c65de0d17,2025-12-04T17:45:05Z,1,Saw this one coming a mile away. True to the prompt... so I guess it's worth a point. ,6c42e6747cd0462db26ba8605f729d93
spotify:track:1Cj2vqUwlJVG27gJrun92y,8f417b39dd2c4db190f99a5c65de0d17,2025-12-04T17:45:05Z,1,Definitely different from their usual stuff! ,6c42e6747cd0462db26ba8605f729d93
spotify:track:3DlRZM6zKSlAZigHbJQ3cp,8f417b39dd2c4db190f99a5c65de0d17,2025-12-04T17:45:05Z,0,"You know what, I actually don't mind this song. One of her better ones! Not sure how it's different tho ^^""",6c42e6747cd0462db26ba8605f729d93
spotify:track:4qb8QUWJCrW3hHuUcSSvmC,8f417b39dd2c4db190f99a5c65de0d17,2025-12-04T17:45:05Z,1,"I have no idea what this guy usually sounds like, but it was a nice surprise in the list! ",6c42e6747cd0462db26ba8605f729d93
spotify:track:5G2RyS5wHOHh8JjLg13AnJ,8f417b39dd2c4db190f99a5c65de0d17,2025-12-04T17:45:05Z,2,Excellent. ,6c42e6747cd0462db26ba8605f729d93
spotify:track:5H1sKFMzDeMtXwND3V6hRY,8f417b39dd2c4db190f99a5c65de0d17,2025-12-04T17:45:05Z,1,"This was my top song of the year according to Spotify. Only the last bit is really ""hardstyle"" but it surely was a nice surprise. ",6c42e6747cd0462db26ba8605f729d93
spotify:track:5QdBAG8cpZhM3kIAQLDRN2,8f417b39dd2c4db190f99a5c65de0d17,2025-12-04T17:45:05Z,0,Eh... The piano was so annoying -_- I liked Ozzy's other song better. ,6c42e6747cd0462db26ba8605f729d93
spotify:track:6F2vo4sxRNQ58VYe3pdiaL,8f417b39dd2c4db190f99a5c65de0d17,2025-12-04T17:45:05Z,1,"I liked it when she stopped singing altogether, groovy! ",6c42e6747cd0462db26ba8605f729d93
spotify:track:6oT5s4bAHOMM5cvt1v9Kzv,8f417b39dd2c4db190f99a5c65de0d17,2025-12-04T17:45:05Z,2,Nice one. Very special artist but I like this better than her usual stuff. More natural is good. ,6c42e6747cd0462db26ba8605f729d93
spotify:track:1Cj2vqUwlJVG27gJrun92y,8e89c17884874f70b85ac9e4dcf5e8ef,2025-12-06T04:09:02Z,0,"Interesting cover, but I prefer these guys in nu metal mode",6c42e6747cd0462db26ba8605f729d93
spotify:track:0S3gpZzlT9Hb7CCSV2owX7,8e89c17884874f70b85ac9e4dcf5e8ef,2025-12-06T04:09:02Z,1,"I saw the video of him singing this at his final concert, and people in the audience were crying. Powerful stuff indeed",6c42e6747cd0462db26ba8605f729d93
spotify:track:0Z7nGFVCLfixWctgePsRk9,8e89c17884874f70b85ac9e4dcf5e8ef,2025-12-06T04:09:02Z,1,,6c42e6747cd0462db26ba8605f729d93
spotify:track:1cPXOzyeZauSAsT1yy7aBp,8e89c17884874f70b85ac9e4dcf5e8ef,2025-12-06T04:09:02Z,1,I learned about KISS from an episode of Glee. Nice pick,6c42e6747cd0462db26ba8605f729d93
spotify:track:2XlwQp17g1hnMGueyMY6pr,8e89c17884874f70b85ac9e4dcf5e8ef,2025-12-06T04:09:02Z,0,"Sting really does do it all, but I prefer his reggae-tinged songs and collaborations with Shaggy",6c42e6747cd0462db26ba8605f729d93
spotify:track:2ysXuQd8uOfSMZcMRR5Ux4,8e89c17884874f70b85ac9e4dcf5e8ef,2025-12-06T04:09:02Z,0,"Interesting hearing Mike Shinoda sing, but I prefer him rapping while Chester is screaming",6c42e6747cd0462db26ba8605f729d93
spotify:track:35ItUJlMtjOQW3SSiTCrrw,8e89c17884874f70b85ac9e4dcf5e8ef,2025-12-06T04:09:02Z,1,For some reason I thought this was an Elvis song,6c42e6747cd0462db26ba8605f729d93
spotify:track:3DlRZM6zKSlAZigHbJQ3cp,8e89c17884874f70b85ac9e4dcf5e8ef,2025-12-06T04:09:02Z,1,"Yeah baby, yeah!",6c42e6747cd0462db26ba8605f729d93
spotify:track:5G2RyS5wHOHh8JjLg13AnJ,8e89c17884874f70b85ac9e4dcf5e8ef,2025-12-06T04:09:02Z,1,Your comment won me over,6c42e6747cd0462db26ba8605f729d93
spotify:track:5H1sKFMzDeMtXwND3V6hRY,8e89c17884874f70b85ac9e4dcf5e8ef,2025-12-06T04:09:02Z,1,,6c42e6747cd0462db26ba8605f729d93
spotify:track:5QdBAG8cpZhM3kIAQLDRN2,8e89c17884874f70b85ac9e4dcf5e8ef,2025-12-06T04:09:02Z,2,I'm giving Ozzy a total of 3 points this round. Props if you also picked his solo song,6c42e6747cd0462db26ba8605f729d93
spotify:track:6F2vo4sxRNQ58VYe3pdiaL,8e89c17884874f70b85ac9e4dcf5e8ef,2025-12-06T04:09:02Z,1,Good call on the Blondie rap,6c42e6747cd0462db26ba8605f729d93
spotify:track:0Z7nGFVCLfixWctgePsRk9,f2c7860442964a8aa327c08f81ce884e,2025-12-06T09:55:12Z,0,Noooooooooooooooo.......,6c42e6747cd0462db26ba8605f729d93
spotify:track:1Cj2vqUwlJVG27gJrun92y,f2c7860442964a8aa327c08f81ce884e,2025-12-06T09:55:12Z,1,"Hahaha! The same exact thing happened to me with your whole ""thinking I had found a new fave band"" story and ""this isn't really my genre""! Are we kindred spirits?  😂 Anyway, I agree that this is unique for Disturbed, and I would love to give this a point... but I personally want to draw a line when giving out the points (since there aren't many) and this time it's on covers.  Here are 10 silent points instead.....
So I'm back, I had 1 point left to give and so I exchanged those 10 silent points for 1 real point for you, my kindred spirit.",6c42e6747cd0462db26ba8605f729d93
spotify:track:2XlwQp17g1hnMGueyMY6pr,f2c7860442964a8aa327c08f81ce884e,2025-12-06T09:55:12Z,0,"This is a cover of a cover of a cover, lol. It's a good song! But as mentioned, I personally drew a line on covers.",6c42e6747cd0462db26ba8605f729d93
spotify:track:2ysXuQd8uOfSMZcMRR5Ux4,f2c7860442964a8aa327c08f81ce884e,2025-12-06T09:55:12Z,1,"I really like a lot of Linkin Park songs, but I would never list them as my fave band. Weird that. Anyway, I agree this is out of the ordinary LP.",6c42e6747cd0462db26ba8605f729d93
spotify:track:35ItUJlMtjOQW3SSiTCrrw,f2c7860442964a8aa327c08f81ce884e,2025-12-06T09:55:12Z,3,"Wuuut, I thought this was an Elvis song! Wow, I think this is a great submission for this theme!",6c42e6747cd0462db26ba8605f729d93
spotify:track:3DlRZM6zKSlAZigHbJQ3cp,f2c7860442964a8aa327c08f81ce884e,2025-12-06T09:55:12Z,1,"Yes, definitely not typical Madonna. I quite enjoyed it.... And I think it's my mission to give at least 1 point to madonna because yorick would never. 😇",6c42e6747cd0462db26ba8605f729d93
spotify:track:4IvZLDtwBHmBmwgDIUbuwa,f2c7860442964a8aa327c08f81ce884e,2025-12-06T09:55:12Z,0,Not a bad pick.,6c42e6747cd0462db26ba8605f729d93
spotify:track:4qb8QUWJCrW3hHuUcSSvmC,f2c7860442964a8aa327c08f81ce884e,2025-12-06T09:55:12Z,1,"Aaaalllright, this song so out there, I'll give this a point. It was enjoyable, and indeed it's very different from all his other music before.",6c42e6747cd0462db26ba8605f729d93
spotify:track:5G2RyS5wHOHh8JjLg13AnJ,f2c7860442964a8aa327c08f81ce884e,2025-12-06T09:55:12Z,1,"Really an interesting pick Marijn. ;) I can't help but imagine the Germans back in like 1800 or so gasping at the surprise....maybe some women fainting in shock?  Anyway, glad for the comment because I probably wouldn't have given this a point.",6c42e6747cd0462db26ba8605f729d93
spotify:track:5QdBAG8cpZhM3kIAQLDRN2,f2c7860442964a8aa327c08f81ce884e,2025-12-06T09:55:12Z,0,"I can't stand Ozzy tho.....I think this is just a tiny bit better than the other Ozzy song in this playlist, but there's something really repetitive.",6c42e6747cd0462db26ba8605f729d93
spotify:track:5X6yCKuV7JIBDhlON8rNEm,f2c7860442964a8aa327c08f81ce884e,2025-12-06T09:55:12Z,2,"Haha, yeah, this is out of the ordinary for them, and an original (as in, not a parody cover) I enjoy this!",6c42e6747cd0462db26ba8605f729d93
spotify:track:0S3gpZzlT9Hb7CCSV2owX7,f2c7860442964a8aa327c08f81ce884e,2025-12-06T09:55:12Z,0,"I don't like a lot of Ozzy's stuff, but this I can listen to. But with that said, it's an ok song....",6c42e6747cd0462db26ba8605f729d93
spotify:track:6F2vo4sxRNQ58VYe3pdiaL,f2c7860442964a8aa327c08f81ce884e,2025-12-06T09:55:12Z,0,This is just not my kind of shindig.,6c42e6747cd0462db26ba8605f729d93
spotify:track:35ItUJlMtjOQW3SSiTCrrw,40c82386fde649698175204b126c1f48,2025-12-07T02:20:14Z,1,"I always thought this was an Elvis song or some kind of cover, so yeah, excellent pick",6c42e6747cd0462db26ba8605f729d93
spotify:track:4IvZLDtwBHmBmwgDIUbuwa,40c82386fde649698175204b126c1f48,2025-12-07T02:20:14Z,1,,6c42e6747cd0462db26ba8605f729d93
spotify:track:4qb8QUWJCrW3hHuUcSSvmC,40c82386fde649698175204b126c1f48,2025-12-07T02:20:14Z,1,"My dad did exercise to a norteño CD, which we all thought was pretty weird at the time.  Anyway, fun stuff",6c42e6747cd0462db26ba8605f729d93
spotify:track:5G2RyS5wHOHh8JjLg13AnJ,40c82386fde649698175204b126c1f48,2025-12-07T02:20:14Z,1,,6c42e6747cd0462db26ba8605f729d93
spotify:track:5QdBAG8cpZhM3kIAQLDRN2,40c82386fde649698175204b126c1f48,2025-12-07T02:20:14Z,1,"I know this song from a Netflix show about kids going through puberty, so I just imagine this is about Black Sabbath all having hormone imbalances",6c42e6747cd0462db26ba8605f729d93
spotify:track:5X6yCKuV7JIBDhlON8rNEm,40c82386fde649698175204b126c1f48,2025-12-07T02:20:14Z,1,"They're making fun of it, but it does mostly work.  The most successful pop songs often follow a formula but also need to have something else going for it.  Sometimes it's luck, sometimes it's connections or attitude, sometimes it's a woman wearing a dress made out of meat",6c42e6747cd0462db26ba8605f729d93
spotify:track:6oT5s4bAHOMM5cvt1v9Kzv,40c82386fde649698175204b126c1f48,2025-12-07T02:20:14Z,3,"Lady Gaga spent years wearing meat dresses and Alien costumes, so that she could eventually have the capital to make whatever music she wanted and people would still care about it",6c42e6747cd0462db26ba8605f729d93
spotify:track:0Z7nGFVCLfixWctgePsRk9,40c82386fde649698175204b126c1f48,2025-12-07T02:20:14Z,0,"My problem with this Beyonce album is it feels like she's just doing it as a gimmick.  Why choose Jolene to cover?  That's too basic, if you really wanted to pay homage you shouldn't do the one song everybody already knows.",6c42e6747cd0462db26ba8605f729d93
spotify:track:1cPXOzyeZauSAsT1yy7aBp,40c82386fde649698175204b126c1f48,2025-12-07T02:20:14Z,0,I wasn't around in the 70s but I feel like it was almost a given that every arena band would have a couple of slow songs for the ladies.,6c42e6747cd0462db26ba8605f729d93
spotify:track:3DlRZM6zKSlAZigHbJQ3cp,40c82386fde649698175204b126c1f48,2025-12-07T02:20:14Z,1,"I felt like this one wasn't so far from her style, but I did like that it was made for the Austin Powers movie",6c42e6747cd0462db26ba8605f729d93
spotify:track:6oT5s4bAHOMM5cvt1v9Kzv,03706e4d1d7f485fb17402c595c6e3d2,2025-12-07T02:20:32Z,0,"She has the voice for a country-song maybe, but I couldn’t help comparing this to Madonna’s Devil Pray (with Avicii).",6c42e6747cd0462db26ba8605f729d93
spotify:track:0S3gpZzlT9Hb7CCSV2owX7,03706e4d1d7f485fb17402c595c6e3d2,2025-12-07T02:20:32Z,1,Seems we had the  same idea,6c42e6747cd0462db26ba8605f729d93
spotify:track:0Z7nGFVCLfixWctgePsRk9,03706e4d1d7f485fb17402c595c6e3d2,2025-12-07T02:20:32Z,1,,6c42e6747cd0462db26ba8605f729d93
spotify:track:1Cj2vqUwlJVG27gJrun92y,03706e4d1d7f485fb17402c595c6e3d2,2025-12-07T02:20:32Z,0,"I’ve had a similar experience where I fell in love with a cover first, but it’s a one-off song by the cover band. What do you think of the original song by Simon & Garfunkel? ",6c42e6747cd0462db26ba8605f729d93
spotify:track:1cPXOzyeZauSAsT1yy7aBp,03706e4d1d7f485fb17402c595c6e3d2,2025-12-07T02:20:32Z,1,I enjoyed this one ,6c42e6747cd0462db26ba8605f729d93
spotify:track:2XlwQp17g1hnMGueyMY6pr,03706e4d1d7f485fb17402c595c6e3d2,2025-12-07T02:20:32Z,0,The Chet Baker version is the standard for me and it’s hard to beat. Maybe if I gave this a couple of listens ,6c42e6747cd0462db26ba8605f729d93
spotify:track:2ysXuQd8uOfSMZcMRR5Ux4,03706e4d1d7f485fb17402c595c6e3d2,2025-12-07T02:20:32Z,1,I enjoyed this ,6c42e6747cd0462db26ba8605f729d93
spotify:track:4IvZLDtwBHmBmwgDIUbuwa,03706e4d1d7f485fb17402c595c6e3d2,2025-12-07T02:20:32Z,2,"Pixies—your favorite band’s favorite band! I actually did hear this song first as a cover by one of my favorite bands, but the original is superior. I saw them as an opener in 2019 and this song was a highlight. ",6c42e6747cd0462db26ba8605f729d93
spotify:track:4qb8QUWJCrW3hHuUcSSvmC,03706e4d1d7f485fb17402c595c6e3d2,2025-12-07T02:20:32Z,1,"I’m realizing I have blind spots in music. I know some people who like this artist (my mother-in -law for one haha), but I don’t have any idea what his normal work is, so I can’t compare. This song is lovely though. ",6c42e6747cd0462db26ba8605f729d93
spotify:track:5G2RyS5wHOHh8JjLg13AnJ,03706e4d1d7f485fb17402c595c6e3d2,2025-12-07T02:20:32Z,1,Good background info! But was all his songs so forward? ,6c42e6747cd0462db26ba8605f729d93
spotify:track:5X6yCKuV7JIBDhlON8rNEm,03706e4d1d7f485fb17402c595c6e3d2,2025-12-07T02:20:32Z,1,The danger of hearing a song from a band for the first time is that now I’ll always think of them as a sarcastic Nickelback 🥴,6c42e6747cd0462db26ba8605f729d93
spotify:track:6F2vo4sxRNQ58VYe3pdiaL,03706e4d1d7f485fb17402c595c6e3d2,2025-12-07T02:20:32Z,1,Smart pick ,6c42e6747cd0462db26ba8605f729d93
spotify:track:2vnTwaL9xDNG88xClpfNQk,17967ba07eb34cc79ad594431228c338,2025-12-08T06:09:03Z,2,,52ea07d02c2a4fd09613b1b525a3ba41
spotify:track:3EgvmOhP3NQUHY7d6PDOUg,17967ba07eb34cc79ad594431228c338,2025-12-08T06:09:03Z,4,,52ea07d02c2a4fd09613b1b525a3ba41
spotify:track:3IQSYqnKsCTMLWn2xE3HFT,17967ba07eb34cc79ad594431228c338,2025-12-08T06:09:03Z,2,,52ea07d02c2a4fd09613b1b525a3ba41
spotify:track:7E66uxFz2NtHWAyiGXotha,17967ba07eb34cc79ad594431228c338,2025-12-08T06:09:03Z,2,,52ea07d02c2a4fd09613b1b525a3ba41
spotify:track:23IJ5wLRhEZ9DOuia5mPiZ,6f82e8f8fc0c4ad7a1e7973ea55efcba,2025-12-08T12:24:07Z,1,,52ea07d02c2a4fd09613b1b525a3ba41
spotify:track:2T8yuUKl1nhmtaIocqWo4i,6f82e8f8fc0c4ad7a1e7973ea55efcba,2025-12-08T12:24:07Z,3,I love her music!,52ea07d02c2a4fd09613b1b525a3ba41
spotify:track:2vnTwaL9xDNG88xClpfNQk,6f82e8f8fc0c4ad7a1e7973ea55efcba,2025-12-08T12:24:07Z,3,"I didn't know this one.

After the first 5 Fuck's. I thought, ok I already get this song, I hope for some more variation.

But somehow after Fuck 20ish I started to really get into the song and was entertained by the lyrics!",52ea07d02c2a4fd09613b1b525a3ba41
spotify:track:3IQSYqnKsCTMLWn2xE3HFT,6f82e8f8fc0c4ad7a1e7973ea55efcba,2025-12-08T12:24:07Z,1,It's a bit funny..,52ea07d02c2a4fd09613b1b525a3ba41
spotify:track:57KQl5dPg8HV1QCAd59Cyp,6f82e8f8fc0c4ad7a1e7973ea55efcba,2025-12-08T12:24:07Z,2,I love when different genres meet eachother!,52ea07d02c2a4fd09613b1b525a3ba41
spotify:track:1p5kC161fWMA2QlwV3Vi4W,8f417b39dd2c4db190f99a5c65de0d17,2025-12-08T23:39:13Z,0,I guess the guy really needed to get it off his chest. Terrible song and flattest beat I've heard in a while though... ,52ea07d02c2a4fd09613b1b525a3ba41
spotify:track:23IJ5wLRhEZ9DOuia5mPiZ,8f417b39dd2c4db190f99a5c65de0d17,2025-12-08T23:39:13Z,0,Almost 6 and a half minutes and only 2 fucks? Wouldn't cover my kids ears for this one! ,52ea07d02c2a4fd09613b1b525a3ba41
spotify:track:2T8yuUKl1nhmtaIocqWo4i,8f417b39dd2c4db190f99a5c65de0d17,2025-12-08T23:39:13Z,0,"I was really into it, but the end ruined it for me. The beautiful musicality completely dropped away. ",52ea07d02c2a4fd09613b1b525a3ba41
spotify:track:2vnTwaL9xDNG88xClpfNQk,8f417b39dd2c4db190f99a5c65de0d17,2025-12-08T23:39:13Z,0,"Just hijacking this comment space for my final thoughts on this round. Emma is a proper lady so it was a surprise she included this round (and she had trouble picking songs haha). Great fun though and an excellent prompt! I teach my kids swear words, or better put ""strong language"" has a time and a place. Heck, Mythbusters proved it! So I'm not too worried about my kids hearing bad words, I just try to teach them the value of words and when to (not) use them. Emma often disagrees. ",52ea07d02c2a4fd09613b1b525a3ba41
spotify:track:3GNmo4ljOTnd8k6VKug1Ut,8f417b39dd2c4db190f99a5c65de0d17,2025-12-08T23:39:13Z,1,I like the song. Eurovision ftw! ,52ea07d02c2a4fd09613b1b525a3ba41
spotify:track:3iVcZ5G6tvkXZkZKlMpIUs,8f417b39dd2c4db190f99a5c65de0d17,2025-12-08T23:39:13Z,1,This guy earned some respect for that half time show. Masterfully done. Wouldn't listen to his music on my own though. ,52ea07d02c2a4fd09613b1b525a3ba41
spotify:track:3U3hFkMr0Q90pD24EkE3Pr,8f417b39dd2c4db190f99a5c65de0d17,2025-12-08T23:39:13Z,1,Decent track. ,52ea07d02c2a4fd09613b1b525a3ba41
spotify:track:3udCid1W2whR6CQrVpsKUh,8f417b39dd2c4db190f99a5c65de0d17,2025-12-08T23:39:13Z,1,"Generic, but catchy. ",52ea07d02c2a4fd09613b1b525a3ba41
spotify:track:50AB24h51HlBrp6PqOg50k,8f417b39dd2c4db190f99a5c65de0d17,2025-12-08T23:39:13Z,1,Oh Rammstein. Bunch of weirdos. They should stick to German though haha,52ea07d02c2a4fd09613b1b525a3ba41
spotify:track:57KQl5dPg8HV1QCAd59Cyp,8f417b39dd2c4db190f99a5c65de0d17,2025-12-08T23:39:13Z,2,Metropole +2!,52ea07d02c2a4fd09613b1b525a3ba41
spotify:track:62nQ8UZVqR2RMvkJHkcO2o,8f417b39dd2c4db190f99a5c65de0d17,2025-12-08T23:39:13Z,0,Only one fuck? Points must go elsewhere... Otherwise great song though. Can't go wrong with Pearl Jam (most of the time) ,52ea07d02c2a4fd09613b1b525a3ba41
spotify:track:6nBh8A8eL6dpul4FgNEKoL,8f417b39dd2c4db190f99a5c65de0d17,2025-12-08T23:39:13Z,0,Cheeky. Nope! DQ,52ea07d02c2a4fd09613b1b525a3ba41
spotify:track:6Zj3YsYfj8YTY9aGMDnpn8,8f417b39dd2c4db190f99a5c65de0d17,2025-12-08T23:39:13Z,2,"Excellent choice. ""Ain't it a shame that you can't say fuck"" I love the meta! ",52ea07d02c2a4fd09613b1b525a3ba41
spotify:track:7E66uxFz2NtHWAyiGXotha,8f417b39dd2c4db190f99a5c65de0d17,2025-12-08T23:39:13Z,1,This song actually has a really nice flow. ,52ea07d02c2a4fd09613b1b525a3ba41
spotify:track:1p5kC161fWMA2QlwV3Vi4W,cb32b95f19b94a969db5e02c6102bb00,2025-12-10T23:52:01Z,0,"I didn't see the explicit label really add anything to the song. There were a lot of fucks, a couple of bitches, but very little emotional range. The music didn't do anything for me. Nothing wrong with it, but everything was just ok.",52ea07d02c2a4fd09613b1b525a3ba41
spotify:track:23IJ5wLRhEZ9DOuia5mPiZ,cb32b95f19b94a969db5e02c6102bb00,2025-12-10T23:52:01Z,0,"Iconic chorus with great drums and guitar. Some nice build throughout the song, building on a clear center point, being the chorus. A clear display of frustration, where the explicit nature of the song adds to expressing that.",52ea07d02c2a4fd09613b1b525a3ba41
spotify:track:2T8yuUKl1nhmtaIocqWo4i,cb32b95f19b94a969db5e02c6102bb00,2025-12-10T23:52:01Z,7,"Wow.... what a mashup, different styles, different genres, different languages, and somehow they made it into a coherent song. So creative! The only nitpick for me would be that the harmonics are fairly straightforward. Yes, this holds it together, but it could have done that with less straightforward harmonics as well. But lush and great harmonics. The explicit part adds something, although not too much",52ea07d02c2a4fd09613b1b525a3ba41
spotify:track:2vnTwaL9xDNG88xClpfNQk,cb32b95f19b94a969db5e02c6102bb00,2025-12-10T23:52:01Z,0,"Fun song with a great message. The song is not very remarkable, but the rap has a nice flow which made it an enjoyable listen. The explicit part used to good effect.",52ea07d02c2a4fd09613b1b525a3ba41
spotify:track:3EgvmOhP3NQUHY7d6PDOUg,cb32b95f19b94a969db5e02c6102bb00,2025-12-10T23:52:01Z,0,"Culturally, a big impart on artistic freedom. The message is clear, and it has a good hook, but besides that there isn't much there for me. The lyrics aren't even that bad, but the delivery is horrible.",52ea07d02c2a4fd09613b1b525a3ba41
spotify:track:3GNmo4ljOTnd8k6VKug1Ut,cb32b95f19b94a969db5e02c6102bb00,2025-12-10T23:52:01Z,0,"yeah, it's simple and straightforward, yes it has limited melodic and harmonic richness, but at least it puts that to good use by focusing on emotional delivery, which I can appreciate. And the explicit label allows the artist to express themselves more broadly.",52ea07d02c2a4fd09613b1b525a3ba41
spotify:track:3IQSYqnKsCTMLWn2xE3HFT,cb32b95f19b94a969db5e02c6102bb00,2025-12-10T23:52:01Z,1,Musically very straightforward with a very predictable electronic hip-hop loop with some heavy production to boot. But this is 100% what they try to parody with great success. It's just so damn funny :D,52ea07d02c2a4fd09613b1b525a3ba41
spotify:track:3U3hFkMr0Q90pD24EkE3Pr,cb32b95f19b94a969db5e02c6102bb00,2025-12-10T23:52:01Z,1,The boy from Ipanema ;) Nice Bossa-Nova influence which kept me from sitting still. Simple but well executed with great vocals cause for a fun song,52ea07d02c2a4fd09613b1b525a3ba41
spotify:track:3udCid1W2whR6CQrVpsKUh,cb32b95f19b94a969db5e02c6102bb00,2025-12-10T23:52:01Z,1,"Funny song with a good message, although it is a bit on the nose. But the music is too formulaic and conventional for me to get into it. But again, great message.",52ea07d02c2a4fd09613b1b525a3ba41
spotify:track:50AB24h51HlBrp6PqOg50k,cb32b95f19b94a969db5e02c6102bb00,2025-12-10T23:52:01Z,0,"As always, powerful vocals, yeah... it's a clear message, but very one dimensional. Also, the song is formulaic with little to no development.",52ea07d02c2a4fd09613b1b525a3ba41
spotify:track:62nQ8UZVqR2RMvkJHkcO2o,cb32b95f19b94a969db5e02c6102bb00,2025-12-10T23:52:01Z,0,"Great social commentary with vocals that deliver. A nice arrangement with some good development. But it left me wanting more development, more exploring, and then the song ended...",52ea07d02c2a4fd09613b1b525a3ba41
spotify:track:6nBh8A8eL6dpul4FgNEKoL,cb32b95f19b94a969db5e02c6102bb00,2025-12-10T23:52:01Z,0,"Nope, no E label! haha. But it is a parody song about explicit parody songs... so, I suppose, ok. For me the song is funny and succeeds in the parody, but doesn't have anything else.",52ea07d02c2a4fd09613b1b525a3ba41
spotify:track:6Zj3YsYfj8YTY9aGMDnpn8,cb32b95f19b94a969db5e02c6102bb00,2025-12-10T23:52:01Z,0,"too tight, too formulaic, too conventional, couldn't give a fuck ;) Vocals are enjoyable, but not enough to save the song for me.",52ea07d02c2a4fd09613b1b525a3ba41
spotify:track:7E66uxFz2NtHWAyiGXotha,cb32b95f19b94a969db5e02c6102bb00,2025-12-10T23:52:01Z,0,"Nice syncopation with some breathy vocals for a hypnotic vibe. The form is very conventional, which I felt held back the song a lot. I really liked the start, but in the end, there was too little in there for me to really get into it.",52ea07d02c2a4fd09613b1b525a3ba41
spotify:track:1p5kC161fWMA2QlwV3Vi4W,f2c7860442964a8aa327c08f81ce884e,2025-12-11T20:54:23Z,0,This is really terrible ....,52ea07d02c2a4fd09613b1b525a3ba41
spotify:track:23IJ5wLRhEZ9DOuia5mPiZ,f2c7860442964a8aa327c08f81ce884e,2025-12-11T20:54:23Z,0,I knew this from CSI of course. ,52ea07d02c2a4fd09613b1b525a3ba41
spotify:track:2T8yuUKl1nhmtaIocqWo4i,f2c7860442964a8aa327c08f81ce884e,2025-12-11T20:54:23Z,3,"I quite like this! Until the repetitive end, yeesh.",52ea07d02c2a4fd09613b1b525a3ba41
spotify:track:2vnTwaL9xDNG88xClpfNQk,f2c7860442964a8aa327c08f81ce884e,2025-12-11T20:54:23Z,1,You weirdo.,52ea07d02c2a4fd09613b1b525a3ba41
spotify:track:3EgvmOhP3NQUHY7d6PDOUg,f2c7860442964a8aa327c08f81ce884e,2025-12-11T20:54:23Z,0,I am embarrassed to play this song...I dare not roll my windows down as this song plays.,52ea07d02c2a4fd09613b1b525a3ba41
spotify:track:3IQSYqnKsCTMLWn2xE3HFT,f2c7860442964a8aa327c08f81ce884e,2025-12-11T20:54:23Z,2,,52ea07d02c2a4fd09613b1b525a3ba41
spotify:track:3iVcZ5G6tvkXZkZKlMpIUs,f2c7860442964a8aa327c08f81ce884e,2025-12-11T20:54:23Z,1,,52ea07d02c2a4fd09613b1b525a3ba41
spotify:track:3U3hFkMr0Q90pD24EkE3Pr,f2c7860442964a8aa327c08f81ce884e,2025-12-11T20:54:23Z,1,"Well, I guess if I gave Kendrick points, I should to SZA too, ha!",52ea07d02c2a4fd09613b1b525a3ba41
spotify:track:50AB24h51HlBrp6PqOg50k,f2c7860442964a8aa327c08f81ce884e,2025-12-11T20:54:23Z,2,"Whereas I was embarrassed with ""Me so Horny"", this song cracked me up much.",52ea07d02c2a4fd09613b1b525a3ba41
spotify:track:57KQl5dPg8HV1QCAd59Cyp,f2c7860442964a8aa327c08f81ce884e,2025-12-11T20:54:23Z,0,"When this came on, I thought the Sephiroth song was playing, lol....",52ea07d02c2a4fd09613b1b525a3ba41
spotify:track:6nBh8A8eL6dpul4FgNEKoL,f2c7860442964a8aa327c08f81ce884e,2025-12-11T20:54:23Z,0,"What a gamble, but no, it doesn't count.",52ea07d02c2a4fd09613b1b525a3ba41
spotify:track:6Zj3YsYfj8YTY9aGMDnpn8,f2c7860442964a8aa327c08f81ce884e,2025-12-11T20:54:23Z,0,"Sorry, they're not my kind of music at all. 0 points given by me for your 46 fucks.",52ea07d02c2a4fd09613b1b525a3ba41
spotify:track:2vnTwaL9xDNG88xClpfNQk,8e89c17884874f70b85ac9e4dcf5e8ef,2025-12-12T10:10:09Z,3,"This was actually the only other song I considered voting for this round. It was tough to decide how many points to give, but since the other song was my favorite, +3 feels about right",52ea07d02c2a4fd09613b1b525a3ba41
spotify:track:3IQSYqnKsCTMLWn2xE3HFT,8e89c17884874f70b85ac9e4dcf5e8ef,2025-12-12T10:10:09Z,7,"Most songs on this playlist were not the type of music I usually listen to, so it was tough to decide where my votes should go. Lonely Island was the closest to my taste, so somehow it is getting the majority of my points",52ea07d02c2a4fd09613b1b525a3ba41
spotify:track:6nBh8A8eL6dpul4FgNEKoL,8e89c17884874f70b85ac9e4dcf5e8ef,2025-12-12T10:10:09Z,0,"No ""E"" rating from Spotify, so I restrained myself from giving a vote here",52ea07d02c2a4fd09613b1b525a3ba41
spotify:track:1p5kC161fWMA2QlwV3Vi4W,40c82386fde649698175204b126c1f48,2025-12-12T14:03:40Z,1,I guess this song passed me by in 2004...  Eamon also makes me think of Lord of the Rings character names...,52ea07d02c2a4fd09613b1b525a3ba41
spotify:track:23IJ5wLRhEZ9DOuia5mPiZ,40c82386fde649698175204b126c1f48,2025-12-12T14:03:40Z,1,I'm not sure if this song was supposed to be an early version of the Leo-pointing-at-tv meme?  ,52ea07d02c2a4fd09613b1b525a3ba41
spotify:track:2T8yuUKl1nhmtaIocqWo4i,40c82386fde649698175204b126c1f48,2025-12-12T14:03:40Z,0,"I think I lack the catholic background to properly appreciate the lyrics.  Might be the most faithful use of classical instruments I've ever heard in a pop song (compared to, say, Diddy or Kanye using violins or symphonies playing metal songs).  Don't really like the German chorus aesthetic but like I said, I'm not of that religious/cultural background.",52ea07d02c2a4fd09613b1b525a3ba41
spotify:track:2vnTwaL9xDNG88xClpfNQk,40c82386fde649698175204b126c1f48,2025-12-12T14:03:40Z,0,"I still don't like nihilism or south park-style moral equivalence humor.  It's not true that everybody sucks equally.  You must pick a side instead of just shrugging your shoulders - even though picking a side is pretty draining, and it's difficult to sift through each position's BS (so for a lot of people it won't be worth the effort).",52ea07d02c2a4fd09613b1b525a3ba41
spotify:track:3EgvmOhP3NQUHY7d6PDOUg,40c82386fde649698175204b126c1f48,2025-12-12T14:03:40Z,0,"Yeah, still using that racist love you long time movie quote....",52ea07d02c2a4fd09613b1b525a3ba41
spotify:track:3GNmo4ljOTnd8k6VKug1Ut,40c82386fde649698175204b126c1f48,2025-12-12T14:03:40Z,1,I always like giving points to these little artists,52ea07d02c2a4fd09613b1b525a3ba41
spotify:track:3IQSYqnKsCTMLWn2xE3HFT,40c82386fde649698175204b126c1f48,2025-12-12T14:03:40Z,1,"I agree, you picked a great round to use this song",52ea07d02c2a4fd09613b1b525a3ba41
spotify:track:3iVcZ5G6tvkXZkZKlMpIUs,40c82386fde649698175204b126c1f48,2025-12-12T14:03:40Z,0,"The song did start to grow on me after like 4 listens, but I still can't get over how much I hate Kendrick's voice.",52ea07d02c2a4fd09613b1b525a3ba41
spotify:track:3udCid1W2whR6CQrVpsKUh,40c82386fde649698175204b126c1f48,2025-12-12T14:03:40Z,0,Not bad but I can't get over the fact that 'goddamn' is enough to earn an E rating.,52ea07d02c2a4fd09613b1b525a3ba41
spotify:track:50AB24h51HlBrp6PqOg50k,40c82386fde649698175204b126c1f48,2025-12-12T14:03:40Z,2,"Surprised to find this was pretty catchy.  And funny, having met a few 'sexpats' in various countries.  Not my genre, but I kinda get Rammstein now.",52ea07d02c2a4fd09613b1b525a3ba41
spotify:track:57KQl5dPg8HV1QCAd59Cyp,40c82386fde649698175204b126c1f48,2025-12-12T14:03:40Z,0,"I couldn't get into this, but I liked 'Things Will Fall Apart', which played as a recommended song after the playlist ended.",52ea07d02c2a4fd09613b1b525a3ba41
spotify:track:62nQ8UZVqR2RMvkJHkcO2o,40c82386fde649698175204b126c1f48,2025-12-12T14:03:40Z,2,I said stop baiting me!  😂  Eddie's pronunciation is even more confusing now that I can read the actual lyrics,52ea07d02c2a4fd09613b1b525a3ba41
spotify:track:6nBh8A8eL6dpul4FgNEKoL,40c82386fde649698175204b126c1f48,2025-12-12T14:03:40Z,0,"I doubt this will get any points but I predicted that our ears could use a clean song this round.  Anyway, this song only makes sense if you have watched the TV scene immediately before it (about a man who refuses to sell fruit to New Zealanders), and approximately none of you have.

Also, continuing the streak of 'making Emma wish she had downvotes'",52ea07d02c2a4fd09613b1b525a3ba41
spotify:track:6Zj3YsYfj8YTY9aGMDnpn8,40c82386fde649698175204b126c1f48,2025-12-12T14:03:40Z,0,"is... this a NIN diss track?  I just ... what?!?  Um, I guess I'm on Trent Reznor's side and I'm not even a big fan of him.",52ea07d02c2a4fd09613b1b525a3ba41
spotify:track:7E66uxFz2NtHWAyiGXotha,40c82386fde649698175204b126c1f48,2025-12-12T14:03:40Z,2,"I dig it, and the part where she interpolated Air Supply's ""All Out Of Love"" ('smoke on your skin...') was unexpected",52ea07d02c2a4fd09613b1b525a3ba41
spotify:track:1p5kC161fWMA2QlwV3Vi4W,03706e4d1d7f485fb17402c595c6e3d2,2025-12-13T01:22:05Z,2,,52ea07d02c2a4fd09613b1b525a3ba41
spotify:track:23IJ5wLRhEZ9DOuia5mPiZ,03706e4d1d7f485fb17402c595c6e3d2,2025-12-13T01:22:05Z,0,Blink and you’d miss the expletive! ,52ea07d02c2a4fd09613b1b525a3ba41
spotify:track:2T8yuUKl1nhmtaIocqWo4i,03706e4d1d7f485fb17402c595c6e3d2,2025-12-13T01:22:05Z,0,"I probably should have gone with my other safer choice. But I listened to this song for the first time because I thought it was about the infamous Berlin club, expecting it to be techno. But was pleasantly surprised by the experimentalness of this song and it made me curious about what was the artist's intentions.",52ea07d02c2a4fd09613b1b525a3ba41
spotify:track:2vnTwaL9xDNG88xClpfNQk,03706e4d1d7f485fb17402c595c6e3d2,2025-12-13T01:22:05Z,0,What does he have against philatelists? They are a fucking joy!  Fuck everything else though,52ea07d02c2a4fd09613b1b525a3ba41
spotify:track:3GNmo4ljOTnd8k6VKug1Ut,03706e4d1d7f485fb17402c595c6e3d2,2025-12-13T01:22:05Z,2,I liked this song too ,52ea07d02c2a4fd09613b1b525a3ba41
spotify:track:3IQSYqnKsCTMLWn2xE3HFT,03706e4d1d7f485fb17402c595c6e3d2,2025-12-13T01:22:05Z,1,,52ea07d02c2a4fd09613b1b525a3ba41
spotify:track:3iVcZ5G6tvkXZkZKlMpIUs,03706e4d1d7f485fb17402c595c6e3d2,2025-12-13T01:22:05Z,2,Best part of the Super Bowl was all the boomers getting offended by Kendrick Lamar's halftime show. Maybe not all music for meant for them!,52ea07d02c2a4fd09613b1b525a3ba41
spotify:track:3U3hFkMr0Q90pD24EkE3Pr,03706e4d1d7f485fb17402c595c6e3d2,2025-12-13T01:22:05Z,1,It’s sample from Girl From Ipanema that really carries this song ,52ea07d02c2a4fd09613b1b525a3ba41
spotify:track:3udCid1W2whR6CQrVpsKUh,03706e4d1d7f485fb17402c595c6e3d2,2025-12-13T01:22:05Z,0,I’d be okay with my daughter listening to this song,52ea07d02c2a4fd09613b1b525a3ba41
spotify:track:50AB24h51HlBrp6PqOg50k,03706e4d1d7f485fb17402c595c6e3d2,2025-12-13T01:22:05Z,1,"Sure, why not.",52ea07d02c2a4fd09613b1b525a3ba41
spotify:track:57KQl5dPg8HV1QCAd59Cyp,03706e4d1d7f485fb17402c595c6e3d2,2025-12-13T01:22:05Z,0,Most intriguing song on this playlist for me. But could be more explicit! ,52ea07d02c2a4fd09613b1b525a3ba41
spotify:track:62nQ8UZVqR2RMvkJHkcO2o,03706e4d1d7f485fb17402c595c6e3d2,2025-12-13T01:22:05Z,1,I can’t understand what Eddie Vedder is saying most of the time so I feel like it’s safe for kids to listen to this. But a point because I like Pearl Jam. ,52ea07d02c2a4fd09613b1b525a3ba41
spotify:track:1AFCfG17PPf29y3xEW9uuR,17967ba07eb34cc79ad594431228c338,2025-12-15T05:58:28Z,2,,98464b98a72b4e6ab7b35294150cff94
spotify:track:7Fq8S5PgNcz6QiVFGfXqwy,17967ba07eb34cc79ad594431228c338,2025-12-15T05:58:28Z,2,,98464b98a72b4e6ab7b35294150cff94
spotify:track:2stkLJ0JNcXkIRDNF3ld6c,17967ba07eb34cc79ad594431228c338,2025-12-15T05:58:28Z,1,,98464b98a72b4e6ab7b35294150cff94
spotify:track:1iCHl2R7xoEsh7CvYe5Ej0,17967ba07eb34cc79ad594431228c338,2025-12-15T05:58:28Z,2,,98464b98a72b4e6ab7b35294150cff94
spotify:track:1CPZ5BxNNd0n0nF4Orb9JS,17967ba07eb34cc79ad594431228c338,2025-12-15T05:58:28Z,3,,98464b98a72b4e6ab7b35294150cff94
spotify:track:2stkLJ0JNcXkIRDNF3ld6c,8f417b39dd2c4db190f99a5c65de0d17,2025-12-15T22:33:47Z,0,"The song is fine, but not drenched in nostalgia for me. ",98464b98a72b4e6ab7b35294150cff94
spotify:track:7Fq8S5PgNcz6QiVFGfXqwy,8f417b39dd2c4db190f99a5c65de0d17,2025-12-15T22:33:47Z,2,Very nice rendition! Didn't know about this one. ,98464b98a72b4e6ab7b35294150cff94
spotify:track:731rnSkAluFeKZaGTHig7W,8f417b39dd2c4db190f99a5c65de0d17,2025-12-15T22:33:47Z,0,"I feel like I should like this guy, but he hasn't resonated with me yet. Any specific shows or videos you can recommend? ",98464b98a72b4e6ab7b35294150cff94
spotify:track:6BDXJ0h8oeM6ECoK7OvP1d,8f417b39dd2c4db190f99a5c65de0d17,2025-12-15T22:33:47Z,2,"Love it. Still haven't gone on the ride though, must visit again soon. To all non Dutch people here, when you find yourself in NL (again), go to the Efteling! We'll go with you! ",98464b98a72b4e6ab7b35294150cff94
spotify:track:5MoDQWMDMaAGDEiWsJfeCi,8f417b39dd2c4db190f99a5c65de0d17,2025-12-15T22:33:47Z,1,...and then record with the tape deck when it finally came on! Hoping the DJs wouldn't yammer on too much... Good song! ,98464b98a72b4e6ab7b35294150cff94
spotify:track:5IcFRKTt7ftKDjNGprTtAt,8f417b39dd2c4db190f99a5c65de0d17,2025-12-15T22:33:47Z,0,Not my jam. ,98464b98a72b4e6ab7b35294150cff94
spotify:track:4nwjvcUjV7cexhwA40Bh5i,8f417b39dd2c4db190f99a5c65de0d17,2025-12-15T22:33:47Z,1,Elena definitely got me to like Laufey. Too bad I can't get tickets to the concert anymore... ,98464b98a72b4e6ab7b35294150cff94
spotify:track:4aVZ63wuFxMHFEPeqBQDnQ,8f417b39dd2c4db190f99a5c65de0d17,2025-12-15T22:33:47Z,2,"This type of music is so formulaic, but by golly it works. The typical voices, the swelling of the music. This must've been an awesome show! ",98464b98a72b4e6ab7b35294150cff94
spotify:track:0aXyKHIbW9ybqwOAIfNSgf,8f417b39dd2c4db190f99a5c65de0d17,2025-12-15T22:33:47Z,0,This is like the intro to the play? Kinda weird to listen to stand alone... ,98464b98a72b4e6ab7b35294150cff94
spotify:track:0CfjYjURpMhOP0WCcRTxia,8f417b39dd2c4db190f99a5c65de0d17,2025-12-15T22:33:47Z,0,Bit too kiddy for me. But nice message! ,98464b98a72b4e6ab7b35294150cff94
spotify:track:0MHStU0muAIEMbwdnebYu2,8f417b39dd2c4db190f99a5c65de0d17,2025-12-15T22:33:47Z,0,"Ah yes... This generations ""Let it go""? Or is it the other one? Nah, definitely Golden! ",98464b98a72b4e6ab7b35294150cff94
spotify:track:1CPZ5BxNNd0n0nF4Orb9JS,8f417b39dd2c4db190f99a5c65de0d17,2025-12-15T22:33:47Z,1,"Ah yes... This generations ""Let it go""? Or is it the other one? Nah definitely this one! ",98464b98a72b4e6ab7b35294150cff94
spotify:track:1iCHl2R7xoEsh7CvYe5Ej0,8f417b39dd2c4db190f99a5c65de0d17,2025-12-15T22:33:47Z,0,Schnitzel with noodles? ,98464b98a72b4e6ab7b35294150cff94
spotify:track:1WkMMavIMc4JZ8cfMmxHkI,8f417b39dd2c4db190f99a5c65de0d17,2025-12-15T22:33:47Z,1,I can definitely see kids dancing and bouncing around on this one!,98464b98a72b4e6ab7b35294150cff94
spotify:track:1AFCfG17PPf29y3xEW9uuR,cb32b95f19b94a969db5e02c6102bb00,2025-12-15T23:51:02Z,0,"I know the song, but it's not my jam",98464b98a72b4e6ab7b35294150cff94
spotify:track:0CfjYjURpMhOP0WCcRTxia,cb32b95f19b94a969db5e02c6102bb00,2025-12-15T23:51:02Z,0,"Funny song, didn't know it, thanks for sharing",98464b98a72b4e6ab7b35294150cff94
spotify:track:0aXyKHIbW9ybqwOAIfNSgf,cb32b95f19b94a969db5e02c6102bb00,2025-12-15T23:51:02Z,4,"A true classic, one that I listened to as a kid, and the children of my children will listen to still. I remember running through the living room trying to act it out as a kid :)",98464b98a72b4e6ab7b35294150cff94
spotify:track:5BKKy9fIJL5uM9fz1SnqyP,cb32b95f19b94a969db5e02c6102bb00,2025-12-15T23:51:02Z,0,"MJ has a lot of great songs, but this isn't one of them. For me anyway",98464b98a72b4e6ab7b35294150cff94
spotify:track:4nwjvcUjV7cexhwA40Bh5i,cb32b95f19b94a969db5e02c6102bb00,2025-12-15T23:51:02Z,1,"Indeed, she does! But I already knew that :) Hopefully it will rub off on her parents ;)",98464b98a72b4e6ab7b35294150cff94
spotify:track:2stkLJ0JNcXkIRDNF3ld6c,cb32b95f19b94a969db5e02c6102bb00,2025-12-15T23:51:02Z,1,"Cute, small and wholesome. What else do you want in a kids song.",98464b98a72b4e6ab7b35294150cff94
spotify:track:1WkMMavIMc4JZ8cfMmxHkI,cb32b95f19b94a969db5e02c6102bb00,2025-12-15T23:51:02Z,0,"I did have the option to stop the feeling. But I persisted and listened to the whole track! Nothing wrong with it, but not my jam",98464b98a72b4e6ab7b35294150cff94
spotify:track:1iCHl2R7xoEsh7CvYe5Ej0,cb32b95f19b94a969db5e02c6102bb00,2025-12-15T23:51:02Z,1,"Beautiful! Funnily enough, I never listened to this as a kid, but I absolutely love it without any nostalgia. Must be good then ;)",98464b98a72b4e6ab7b35294150cff94
spotify:track:1CPZ5BxNNd0n0nF4Orb9JS,cb32b95f19b94a969db5e02c6102bb00,2025-12-15T23:51:02Z,0,"Fun song, but cult of the new. And two KPDH songs?",98464b98a72b4e6ab7b35294150cff94
spotify:track:0MHStU0muAIEMbwdnebYu2,cb32b95f19b94a969db5e02c6102bb00,2025-12-15T23:51:02Z,0,"Fun song, but cult of the new",98464b98a72b4e6ab7b35294150cff94
spotify:track:7Fq8S5PgNcz6QiVFGfXqwy,cb32b95f19b94a969db5e02c6102bb00,2025-12-15T23:51:02Z,0,"Some parts work reaaaally well in this version, but other parts just take me out of the spell.",98464b98a72b4e6ab7b35294150cff94
spotify:track:731rnSkAluFeKZaGTHig7W,cb32b95f19b94a969db5e02c6102bb00,2025-12-15T23:51:02Z,3,Why no comment? I want to know why you submitted this song? I love it.,98464b98a72b4e6ab7b35294150cff94
spotify:track:5MoDQWMDMaAGDEiWsJfeCi,cb32b95f19b94a969db5e02c6102bb00,2025-12-15T23:51:02Z,0,"Oh, the nostalgia of being 12 and slow-dancing to this at school. I remember thinking it was such a wonderful song. However, it didn't stand the test of time for me",98464b98a72b4e6ab7b35294150cff94
spotify:track:5IcFRKTt7ftKDjNGprTtAt,cb32b95f19b94a969db5e02c6102bb00,2025-12-15T23:51:02Z,0,"I wanted to like it, but it's just not it for me",98464b98a72b4e6ab7b35294150cff94
spotify:track:6BDXJ0h8oeM6ECoK7OvP1d,6f82e8f8fc0c4ad7a1e7973ea55efcba,2025-12-16T13:26:47Z,3,"Finally, a song my kids and I can enjoy! I do wonder how well this does for the half of voters who do not know the Efteling.",98464b98a72b4e6ab7b35294150cff94
spotify:track:731rnSkAluFeKZaGTHig7W,6f82e8f8fc0c4ad7a1e7973ea55efcba,2025-12-16T13:26:47Z,0,"Fun, not enough for points...",98464b98a72b4e6ab7b35294150cff94
spotify:track:0MHStU0muAIEMbwdnebYu2,6f82e8f8fc0c4ad7a1e7973ea55efcba,2025-12-16T13:26:47Z,1,"I'm struggling rating this song. My kids love this song, they would give 4 points. But I'm so done with this song, EVERY car ride it's KPop demon hunters, I don't want to listen to this in my music league, haha... So minus 3 for me. that's 1 point!",98464b98a72b4e6ab7b35294150cff94
spotify:track:1CPZ5BxNNd0n0nF4Orb9JS,6f82e8f8fc0c4ad7a1e7973ea55efcba,2025-12-16T13:26:47Z,1,"I cannot listen to any more K-pop demon hunter songs! But one point from my kids, who love this song.",98464b98a72b4e6ab7b35294150cff94
spotify:track:1iCHl2R7xoEsh7CvYe5Ej0,6f82e8f8fc0c4ad7a1e7973ea55efcba,2025-12-16T13:26:47Z,2,I was thinking posting this song. I have seen the movie 100 times. So nostalgic!,98464b98a72b4e6ab7b35294150cff94
spotify:track:0CfjYjURpMhOP0WCcRTxia,6f82e8f8fc0c4ad7a1e7973ea55efcba,2025-12-16T13:26:47Z,1,"Ah, sweet.",98464b98a72b4e6ab7b35294150cff94
spotify:track:0aXyKHIbW9ybqwOAIfNSgf,6f82e8f8fc0c4ad7a1e7973ea55efcba,2025-12-16T13:26:47Z,2,We had a tape with Peter and the Wolf. We listened to it on every long car ride. Some much memories.,98464b98a72b4e6ab7b35294150cff94
spotify:track:7Fq8S5PgNcz6QiVFGfXqwy,f2c7860442964a8aa327c08f81ce884e,2025-12-16T22:50:24Z,1,Sweet story! Sweet song!,98464b98a72b4e6ab7b35294150cff94
spotify:track:0aXyKHIbW9ybqwOAIfNSgf,f2c7860442964a8aa327c08f81ce884e,2025-12-16T22:50:24Z,0,"Not really a song, so no points from me, but I do like how they used all the dif music instruments to portray each character.",98464b98a72b4e6ab7b35294150cff94
spotify:track:0CfjYjURpMhOP0WCcRTxia,f2c7860442964a8aa327c08f81ce884e,2025-12-16T22:50:24Z,0,"Lol, what a weird song.",98464b98a72b4e6ab7b35294150cff94
spotify:track:0MHStU0muAIEMbwdnebYu2,f2c7860442964a8aa327c08f81ce884e,2025-12-16T22:50:24Z,0,"It's so darn catchy. But I'm a washed out mainstreamer, so my point goes to Golden....Ha!",98464b98a72b4e6ab7b35294150cff94
spotify:track:1AFCfG17PPf29y3xEW9uuR,f2c7860442964a8aa327c08f81ce884e,2025-12-16T22:50:24Z,1,"I'm trying so hard to imagine 10 year old you going and buying this CD at Free Record Shop or whatever store.... Anyway, I like it enough.",98464b98a72b4e6ab7b35294150cff94
spotify:track:1CPZ5BxNNd0n0nF4Orb9JS,f2c7860442964a8aa327c08f81ce884e,2025-12-16T22:50:24Z,1,"Yeah, I can't not give this a point...Ha!",98464b98a72b4e6ab7b35294150cff94
spotify:track:1iCHl2R7xoEsh7CvYe5Ej0,f2c7860442964a8aa327c08f81ce884e,2025-12-16T22:50:24Z,3,"Oooh, I liked this song too!",98464b98a72b4e6ab7b35294150cff94
spotify:track:1WkMMavIMc4JZ8cfMmxHkI,f2c7860442964a8aa327c08f81ce884e,2025-12-16T22:50:24Z,2,"I always thought this was a standalone song, not connected to a movie. Whatever, it's still a great song to me.",98464b98a72b4e6ab7b35294150cff94
spotify:track:2stkLJ0JNcXkIRDNF3ld6c,f2c7860442964a8aa327c08f81ce884e,2025-12-16T22:50:24Z,0,It's my least favorite Disney song.....,98464b98a72b4e6ab7b35294150cff94
spotify:track:4aVZ63wuFxMHFEPeqBQDnQ,f2c7860442964a8aa327c08f81ce884e,2025-12-16T22:50:24Z,1,Why did it get replaced?,98464b98a72b4e6ab7b35294150cff94
spotify:track:5BKKy9fIJL5uM9fz1SnqyP,f2c7860442964a8aa327c08f81ce884e,2025-12-16T22:50:24Z,0,"Unfortunately I'm not a fan of it, even tho it's my son's pick ",98464b98a72b4e6ab7b35294150cff94
spotify:track:5IcFRKTt7ftKDjNGprTtAt,f2c7860442964a8aa327c08f81ce884e,2025-12-16T22:50:24Z,0,Too weird for me.,98464b98a72b4e6ab7b35294150cff94
spotify:track:6BDXJ0h8oeM6ECoK7OvP1d,f2c7860442964a8aa327c08f81ce884e,2025-12-16T22:50:24Z,1,Have not been on the new ride yet. But I dig it and I like the Danse Macabre inspiration too.,98464b98a72b4e6ab7b35294150cff94
spotify:track:731rnSkAluFeKZaGTHig7W,f2c7860442964a8aa327c08f81ce884e,2025-12-16T22:50:24Z,0,"Flintstones was my least favorite cartoon. Not sure why. Anyway, this version is so off for me, I think I might've given it a point if it was like the original tv theme song.",98464b98a72b4e6ab7b35294150cff94
spotify:track:4nwjvcUjV7cexhwA40Bh5i,03706e4d1d7f485fb17402c595c6e3d2,2025-12-19T06:08:04Z,2,She does have good taste! Mine likes “Mystical Magical” 😅,98464b98a72b4e6ab7b35294150cff94
spotify:track:4aVZ63wuFxMHFEPeqBQDnQ,03706e4d1d7f485fb17402c595c6e3d2,2025-12-19T06:08:04Z,1,Some songs just really make an impression on a kid ,98464b98a72b4e6ab7b35294150cff94
spotify:track:2stkLJ0JNcXkIRDNF3ld6c,03706e4d1d7f485fb17402c595c6e3d2,2025-12-19T06:08:04Z,1,,98464b98a72b4e6ab7b35294150cff94
spotify:track:1WkMMavIMc4JZ8cfMmxHkI,03706e4d1d7f485fb17402c595c6e3d2,2025-12-19T06:08:04Z,1,This is a good pick…we liked Better Place a lot too. ,98464b98a72b4e6ab7b35294150cff94
spotify:track:1AFCfG17PPf29y3xEW9uuR,03706e4d1d7f485fb17402c595c6e3d2,2025-12-19T06:08:04Z,1,"Unexpected pick for a kid’s song, but I get it ",98464b98a72b4e6ab7b35294150cff94
spotify:track:0MHStU0muAIEMbwdnebYu2,03706e4d1d7f485fb17402c595c6e3d2,2025-12-19T06:08:04Z,2,"When I changed one of my songs for this round, I got the alert that someone else also picked a song from this album. Normally I would have switched my pick to avoid a showdown, but honestly the songs are good. I watched the movie with low expectations, but was pleasantly surprised. Maybe the kids are alright. ",98464b98a72b4e6ab7b35294150cff94
spotify:track:0aXyKHIbW9ybqwOAIfNSgf,03706e4d1d7f485fb17402c595c6e3d2,2025-12-19T06:08:04Z,1,You were a cultured child. Much more sophisticated than my initial pick of “What Does the Fox Say” ,98464b98a72b4e6ab7b35294150cff94
spotify:track:5MoDQWMDMaAGDEiWsJfeCi,03706e4d1d7f485fb17402c595c6e3d2,2025-12-19T06:08:04Z,1,,98464b98a72b4e6ab7b35294150cff94
spotify:track:5BKKy9fIJL5uM9fz1SnqyP,03706e4d1d7f485fb17402c595c6e3d2,2025-12-19T06:08:04Z,0,"It’s not bad, but hard to compare to MJ’s hits ",98464b98a72b4e6ab7b35294150cff94
spotify:track:5MoDQWMDMaAGDEiWsJfeCi,8e89c17884874f70b85ac9e4dcf5e8ef,2025-12-19T08:53:40Z,2,"The ""say my name"" part gets me every time. I gave this song multiple points in my high school friends' league, and here I am doing it again",98464b98a72b4e6ab7b35294150cff94
spotify:track:4aVZ63wuFxMHFEPeqBQDnQ,8e89c17884874f70b85ac9e4dcf5e8ef,2025-12-19T08:53:40Z,0,I still haven't been to Disney World!,98464b98a72b4e6ab7b35294150cff94
spotify:track:2stkLJ0JNcXkIRDNF3ld6c,8e89c17884874f70b85ac9e4dcf5e8ef,2025-12-19T08:53:40Z,2,Pixar and Disney songs will usually get my vote,98464b98a72b4e6ab7b35294150cff94
spotify:track:1WkMMavIMc4JZ8cfMmxHkI,8e89c17884874f70b85ac9e4dcf5e8ef,2025-12-19T08:53:40Z,2,,98464b98a72b4e6ab7b35294150cff94
spotify:track:1AFCfG17PPf29y3xEW9uuR,8e89c17884874f70b85ac9e4dcf5e8ef,2025-12-19T08:53:40Z,4,"Yorick? This is the type of song I love, but haven't dared to play so far. Hoping this ends up doing well",98464b98a72b4e6ab7b35294150cff94
spotify:track:0MHStU0muAIEMbwdnebYu2,8e89c17884874f70b85ac9e4dcf5e8ef,2025-12-19T08:53:40Z,0,Wondering if I would appreciate these songs more if I watch the movie,98464b98a72b4e6ab7b35294150cff94
spotify:track:0aXyKHIbW9ybqwOAIfNSgf,8e89c17884874f70b85ac9e4dcf5e8ef,2025-12-19T08:53:40Z,0,Seems like an intro to the piece?,98464b98a72b4e6ab7b35294150cff94
spotify:track:7Fq8S5PgNcz6QiVFGfXqwy,8e89c17884874f70b85ac9e4dcf5e8ef,2025-12-19T08:53:40Z,0,"Interesting cover, but the original is still the one that triggers the nostalgia for me",98464b98a72b4e6ab7b35294150cff94
spotify:track:5BKKy9fIJL5uM9fz1SnqyP,8e89c17884874f70b85ac9e4dcf5e8ef,2025-12-19T08:53:40Z,0,"Interesting, I didn't know about this album. I prefer the old MJ, but will give the rest of the album a listen out of curiosity",98464b98a72b4e6ab7b35294150cff94
spotify:track:5MoDQWMDMaAGDEiWsJfeCi,40c82386fde649698175204b126c1f48,2025-12-19T20:00:14Z,2,Nice one.  Emma?  I think the categories 'kids songs' and 'songs I liked as a kid' should be separate categories though.,98464b98a72b4e6ab7b35294150cff94
spotify:track:5IcFRKTt7ftKDjNGprTtAt,40c82386fde649698175204b126c1f48,2025-12-19T20:00:14Z,1,"This was a surprise to me because I generally don't like POTUSA's music, but the things that irk me about them are strengths for this genre",98464b98a72b4e6ab7b35294150cff94
spotify:track:5BKKy9fIJL5uM9fz1SnqyP,40c82386fde649698175204b126c1f48,2025-12-19T20:00:14Z,0,"Would have liked to give this a point since it was new to me and kind of a fun vintage 80's MJ feeling (I'd only heard the other hit on the album), but a bit of an odd fit considering the mature subject and his controversial history",98464b98a72b4e6ab7b35294150cff94
spotify:track:4nwjvcUjV7cexhwA40Bh5i,40c82386fde649698175204b126c1f48,2025-12-19T20:00:14Z,1,Laufey is another mixed feelings pick for me.  Honestly I find the mod-century Americana thing pretty gimmicky but I admire how she's found an alternate princess stereotype separate from Taylor's version,98464b98a72b4e6ab7b35294150cff94
spotify:track:1WkMMavIMc4JZ8cfMmxHkI,40c82386fde649698175204b126c1f48,2025-12-19T20:00:14Z,1,This is a repeat for our league but I guess I just like it better than the classic children's movie songs,98464b98a72b4e6ab7b35294150cff94
spotify:track:1iCHl2R7xoEsh7CvYe5Ej0,40c82386fde649698175204b126c1f48,2025-12-19T20:00:14Z,1,Christopher plummer was like 35 when he played the old dad in this movie 😅,98464b98a72b4e6ab7b35294150cff94
spotify:track:1CPZ5BxNNd0n0nF4Orb9JS,40c82386fde649698175204b126c1f48,2025-12-19T20:00:14Z,1,"Yeah, this one gets stuck in my head.",98464b98a72b4e6ab7b35294150cff94
spotify:track:0MHStU0muAIEMbwdnebYu2,40c82386fde649698175204b126c1f48,2025-12-19T20:00:14Z,1,,98464b98a72b4e6ab7b35294150cff94
spotify:track:0CfjYjURpMhOP0WCcRTxia,40c82386fde649698175204b126c1f48,2025-12-19T20:00:14Z,0,"I like Curious George but dislike Jack Johnson, so this was a tough one for me.",98464b98a72b4e6ab7b35294150cff94
spotify:track:7Fq8S5PgNcz6QiVFGfXqwy,40c82386fde649698175204b126c1f48,2025-12-19T20:00:14Z,2,,98464b98a72b4e6ab7b35294150cff94
spotify:track:731rnSkAluFeKZaGTHig7W,40c82386fde649698175204b126c1f48,2025-12-19T20:00:14Z,0,"his 'every note can be harmonized with any other note if you try hard enough' philosophy, while technically true, isn't always pleasant to listen to.  But he's so talented and creative it's always a pleasure in an artistic way, at least.",98464b98a72b4e6ab7b35294150cff94
spotify:track:0GegHVxeozw3rdjte45Bfx,cb32b95f19b94a969db5e02c6102bb00,2025-12-21T15:21:42Z,0,"I like this song, but the recording felt of to me. Maybe with another version it would have gotten a point",7f89379711c14f8c9e016cd5d021cb76
spotify:track:1k4lRM7YrGxJerGbf9VzXk,cb32b95f19b94a969db5e02c6102bb00,2025-12-21T15:21:42Z,0,"nice flow and rap, but just short of a point for me",7f89379711c14f8c9e016cd5d021cb76
spotify:track:20XNDz0YtYrplL0oLb3zKh,cb32b95f19b94a969db5e02c6102bb00,2025-12-21T15:21:42Z,0,"I can enjoy trance, and this one neeearly gets there",7f89379711c14f8c9e016cd5d021cb76
spotify:track:3Kgz8aGqtXJFyihsSuNAWO,cb32b95f19b94a969db5e02c6102bb00,2025-12-21T15:21:42Z,0,"It worked fine, but didn't add anything to the song for me. Always fun trying these kind of cross-overs",7f89379711c14f8c9e016cd5d021cb76
spotify:track:3RQPR2TN3DIj4dqDUEE2LO,cb32b95f19b94a969db5e02c6102bb00,2025-12-21T15:21:42Z,0,"clear theme, and although I don't know the series, I might want to see it because of the theme",7f89379711c14f8c9e016cd5d021cb76
spotify:track:4w2GLmK2wnioVnb5CPQeex,cb32b95f19b94a969db5e02c6102bb00,2025-12-21T15:21:42Z,0,Sounds like a meme song,7f89379711c14f8c9e016cd5d021cb76
spotify:track:4wsQGsdf8D0Bj26cGdvreB,cb32b95f19b94a969db5e02c6102bb00,2025-12-21T15:21:42Z,0,lot of punk (ish) songs in this round,7f89379711c14f8c9e016cd5d021cb76
spotify:track:52hm7o5MPKymBUmSJadwve,cb32b95f19b94a969db5e02c6102bb00,2025-12-21T15:21:42Z,1,"Cute, more songs should be like this. A simple concept, worth 30 seconds and simply don't repeat 5 times",7f89379711c14f8c9e016cd5d021cb76
spotify:track:587i4g5fwUDAdl5xTP7UtW,cb32b95f19b94a969db5e02c6102bb00,2025-12-21T15:21:42Z,8,"Thank you for submitting a song that I like. I would have normally given it 2 points, but I only found 3 songs that I wanted to give points to this round, so this got all the leftover points.",7f89379711c14f8c9e016cd5d021cb76
spotify:track:5gJNUI129J3AYLlE5kA7n4,cb32b95f19b94a969db5e02c6102bb00,2025-12-21T15:21:42Z,0,"warm, vulnerable and honest. ",7f89379711c14f8c9e016cd5d021cb76
spotify:track:5H9S7RaxxSAgY77Mb0CSPz,cb32b95f19b94a969db5e02c6102bb00,2025-12-21T15:21:42Z,0,"Would have given the original a point, but this version breaks what makes the original special.",7f89379711c14f8c9e016cd5d021cb76
spotify:track:6jX5mso4x00c1EiNMrTU9U,cb32b95f19b94a969db5e02c6102bb00,2025-12-21T15:21:42Z,1,"A true classic, nice to hear it",7f89379711c14f8c9e016cd5d021cb76
spotify:track:20XNDz0YtYrplL0oLb3zKh,17967ba07eb34cc79ad594431228c338,2025-12-21T18:50:13Z,2,,7f89379711c14f8c9e016cd5d021cb76
spotify:track:3Kgz8aGqtXJFyihsSuNAWO,17967ba07eb34cc79ad594431228c338,2025-12-21T18:50:13Z,2,,7f89379711c14f8c9e016cd5d021cb76
spotify:track:4tHqQMWSqmL6YjXwsqthDI,17967ba07eb34cc79ad594431228c338,2025-12-21T18:50:13Z,2,,7f89379711c14f8c9e016cd5d021cb76
spotify:track:52hm7o5MPKymBUmSJadwve,17967ba07eb34cc79ad594431228c338,2025-12-21T18:50:13Z,1,,7f89379711c14f8c9e016cd5d021cb76
spotify:track:5b7OgznPJJr1vHNYGyvxau,17967ba07eb34cc79ad594431228c338,2025-12-21T18:50:13Z,1,,7f89379711c14f8c9e016cd5d021cb76
spotify:track:5H9S7RaxxSAgY77Mb0CSPz,17967ba07eb34cc79ad594431228c338,2025-12-21T18:50:13Z,2,,7f89379711c14f8c9e016cd5d021cb76
spotify:track:0GegHVxeozw3rdjte45Bfx,6f82e8f8fc0c4ad7a1e7973ea55efcba,2025-12-22T09:55:29Z,2,Sweet.,7f89379711c14f8c9e016cd5d021cb76
spotify:track:1k4lRM7YrGxJerGbf9VzXk,6f82e8f8fc0c4ad7a1e7973ea55efcba,2025-12-22T09:55:29Z,1,One point for the line 😜,7f89379711c14f8c9e016cd5d021cb76
spotify:track:3RQPR2TN3DIj4dqDUEE2LO,6f82e8f8fc0c4ad7a1e7973ea55efcba,2025-12-22T09:55:29Z,2,"I love Outlander. I stoped some seasons later, after they jumped 20 years.",7f89379711c14f8c9e016cd5d021cb76
spotify:track:4tHqQMWSqmL6YjXwsqthDI,6f82e8f8fc0c4ad7a1e7973ea55efcba,2025-12-22T09:55:29Z,2,"Nice Christmas song, did not realise this was the Home Alone version ",7f89379711c14f8c9e016cd5d021cb76
spotify:track:5b7OgznPJJr1vHNYGyvxau,6f82e8f8fc0c4ad7a1e7973ea55efcba,2025-12-22T09:55:29Z,2,I have practiced this song on the guitar!,7f89379711c14f8c9e016cd5d021cb76
spotify:track:6jX5mso4x00c1EiNMrTU9U,6f82e8f8fc0c4ad7a1e7973ea55efcba,2025-12-22T09:55:29Z,1,Nice!,7f89379711c14f8c9e016cd5d021cb76
spotify:track:0BcF6J2dVqLq2NnceCDWxM,f2c7860442964a8aa327c08f81ce884e,2025-12-24T17:58:46Z,0,"Cute song, a little repetitive, but not enough for a point from me!",7f89379711c14f8c9e016cd5d021cb76
spotify:track:0GegHVxeozw3rdjte45Bfx,f2c7860442964a8aa327c08f81ce884e,2025-12-24T17:58:46Z,0,"Also a nice song, a little repetitive, but not enough for a point from me!",7f89379711c14f8c9e016cd5d021cb76
spotify:track:1k4lRM7YrGxJerGbf9VzXk,f2c7860442964a8aa327c08f81ce884e,2025-12-24T17:58:46Z,0,I don't really like Beastie Boys...,7f89379711c14f8c9e016cd5d021cb76
spotify:track:20XNDz0YtYrplL0oLb3zKh,f2c7860442964a8aa327c08f81ce884e,2025-12-24T17:58:46Z,1,I like this.,7f89379711c14f8c9e016cd5d021cb76
spotify:track:3Kgz8aGqtXJFyihsSuNAWO,f2c7860442964a8aa327c08f81ce884e,2025-12-24T17:58:46Z,2,I enjoyed it very much!,7f89379711c14f8c9e016cd5d021cb76
spotify:track:4tHqQMWSqmL6YjXwsqthDI,f2c7860442964a8aa327c08f81ce884e,2025-12-24T17:58:46Z,1,One of my favorite Christmas songs.,7f89379711c14f8c9e016cd5d021cb76
spotify:track:4w2GLmK2wnioVnb5CPQeex,f2c7860442964a8aa327c08f81ce884e,2025-12-24T17:58:46Z,1,I'm a sucker for mainstream crap.,7f89379711c14f8c9e016cd5d021cb76
spotify:track:4wsQGsdf8D0Bj26cGdvreB,f2c7860442964a8aa327c08f81ce884e,2025-12-24T17:58:46Z,1,"Ahhh, Green Day is a pretty versatile band, don't you think?",7f89379711c14f8c9e016cd5d021cb76
spotify:track:52hm7o5MPKymBUmSJadwve,f2c7860442964a8aa327c08f81ce884e,2025-12-24T17:58:46Z,0,"It's a cute submission, but not point worthy to me ",7f89379711c14f8c9e016cd5d021cb76
spotify:track:5b7OgznPJJr1vHNYGyvxau,f2c7860442964a8aa327c08f81ce884e,2025-12-24T17:58:46Z,1,"Y'know, I always wonder what's so great about Sinatra. I'm still wondering. But a point for the song since I love 'Fly me to the moon'.",7f89379711c14f8c9e016cd5d021cb76
spotify:track:5gJNUI129J3AYLlE5kA7n4,f2c7860442964a8aa327c08f81ce884e,2025-12-24T17:58:46Z,1,"This is not my first time listening to K's choice, but my first time thanks to music league (in another league). Anyway, I quite like this...band? Person?",7f89379711c14f8c9e016cd5d021cb76
spotify:track:5H9S7RaxxSAgY77Mb0CSPz,f2c7860442964a8aa327c08f81ce884e,2025-12-24T17:58:46Z,1,I like Alan Walker's stuff!,7f89379711c14f8c9e016cd5d021cb76
spotify:track:6jX5mso4x00c1EiNMrTU9U,f2c7860442964a8aa327c08f81ce884e,2025-12-24T17:58:46Z,1,"Aaaahhh, one of those oldies I enjoy. :)",7f89379711c14f8c9e016cd5d021cb76
spotify:track:0BcF6J2dVqLq2NnceCDWxM,8e89c17884874f70b85ac9e4dcf5e8ef,2025-12-25T20:29:47Z,2,,7f89379711c14f8c9e016cd5d021cb76
spotify:track:0GegHVxeozw3rdjte45Bfx,8e89c17884874f70b85ac9e4dcf5e8ef,2025-12-25T20:29:47Z,2,,7f89379711c14f8c9e016cd5d021cb76
spotify:track:1k4lRM7YrGxJerGbf9VzXk,8e89c17884874f70b85ac9e4dcf5e8ef,2025-12-25T20:29:47Z,1,,7f89379711c14f8c9e016cd5d021cb76
spotify:track:3Kgz8aGqtXJFyihsSuNAWO,8e89c17884874f70b85ac9e4dcf5e8ef,2025-12-25T20:29:47Z,1,Great cover,7f89379711c14f8c9e016cd5d021cb76
spotify:track:3RQPR2TN3DIj4dqDUEE2LO,8e89c17884874f70b85ac9e4dcf5e8ef,2025-12-25T20:29:47Z,0,This show looks intriguing. Will have to give it a watch,7f89379711c14f8c9e016cd5d021cb76
spotify:track:4w2GLmK2wnioVnb5CPQeex,8e89c17884874f70b85ac9e4dcf5e8ef,2025-12-25T20:29:47Z,1,,7f89379711c14f8c9e016cd5d021cb76
spotify:track:4wsQGsdf8D0Bj26cGdvreB,8e89c17884874f70b85ac9e4dcf5e8ef,2025-12-25T20:29:47Z,1,I was thinking of playing this. Lots of catchy short songs from their earlier albums,7f89379711c14f8c9e016cd5d021cb76
spotify:track:6Um1e5MZ11SzCLiSNM8n3r,8e89c17884874f70b85ac9e4dcf5e8ef,2025-12-25T20:29:47Z,2,,7f89379711c14f8c9e016cd5d021cb76
spotify:track:0GegHVxeozw3rdjte45Bfx,03706e4d1d7f485fb17402c595c6e3d2,2025-12-25T23:20:35Z,0,"Since the first prompt was for a song that tells a story, I thought for the prompt this round I'd pick a (short) song that was more like a haiku and just captured a specific moment. This song is overplayed, but I like that it's a holiday song now.",7f89379711c14f8c9e016cd5d021cb76
spotify:track:1k4lRM7YrGxJerGbf9VzXk,03706e4d1d7f485fb17402c595c6e3d2,2025-12-25T23:20:35Z,1,"Nice, there were a couple of hits from that album. My personal favorite is Body Movin'",7f89379711c14f8c9e016cd5d021cb76
spotify:track:20XNDz0YtYrplL0oLb3zKh,03706e4d1d7f485fb17402c595c6e3d2,2025-12-25T23:20:35Z,1,Giving a point to this because most of the Dutch artists I know are my favorite DJs ,7f89379711c14f8c9e016cd5d021cb76
spotify:track:3Kgz8aGqtXJFyihsSuNAWO,03706e4d1d7f485fb17402c595c6e3d2,2025-12-25T23:20:35Z,0,"When I saw this prompt I thought of oldies, like the Beatles, and classic punk anthems, which are usually short blasts of adrenaline and chaos. I know the original Louis Armstrong version is the best (and might have gotten more points), but I wanted to pick a punk song as a tribute to this prompt and to the holiday season. This song was released posthumously.",7f89379711c14f8c9e016cd5d021cb76
spotify:track:3RQPR2TN3DIj4dqDUEE2LO,03706e4d1d7f485fb17402c595c6e3d2,2025-12-25T23:20:35Z,1,"I was in a book club years ago with men and women and we read the first book of this series. The men were traumatized. Anyway, good song and I'm interested in watching the TV series now. ",7f89379711c14f8c9e016cd5d021cb76
spotify:track:4tHqQMWSqmL6YjXwsqthDI,03706e4d1d7f485fb17402c595c6e3d2,2025-12-25T23:20:35Z,1,My favorite Christmas movie...so many great songs on the soundtrack. ,7f89379711c14f8c9e016cd5d021cb76
spotify:track:4w2GLmK2wnioVnb5CPQeex,03706e4d1d7f485fb17402c595c6e3d2,2025-12-25T23:20:35Z,1,I like this energy,7f89379711c14f8c9e016cd5d021cb76
spotify:track:4wsQGsdf8D0Bj26cGdvreB,03706e4d1d7f485fb17402c595c6e3d2,2025-12-25T23:20:35Z,1,I see someone else understood the assignment!,7f89379711c14f8c9e016cd5d021cb76
spotify:track:52hm7o5MPKymBUmSJadwve,03706e4d1d7f485fb17402c595c6e3d2,2025-12-25T23:20:35Z,0,"I thought of the Beatles too...many short tunes to choose from, but I think I would have picked In My Life",7f89379711c14f8c9e016cd5d021cb76
spotify:track:587i4g5fwUDAdl5xTP7UtW,03706e4d1d7f485fb17402c595c6e3d2,2025-12-25T23:20:35Z,1,I would have picked this one if I hadn't already done in another league. But excellent choice!,7f89379711c14f8c9e016cd5d021cb76
spotify:track:5b7OgznPJJr1vHNYGyvxau,03706e4d1d7f485fb17402c595c6e3d2,2025-12-25T23:20:35Z,2,"A personal favorite for me as well and one of the first songs I played for my daughter when she was a baby. In a previous league where the prompt was to pick a song with wind instruments, I picked this song. I thought it would be a sure hit, with Frank Sinatra and composed by Quincy Jones! It barely got any points (I think Careless Whispers by George Michaels won...booo). But you would have given this song the points it deserves! ",7f89379711c14f8c9e016cd5d021cb76
spotify:track:5gJNUI129J3AYLlE5kA7n4,03706e4d1d7f485fb17402c595c6e3d2,2025-12-25T23:20:35Z,0,"Never heard of this band, but I like discovering new music ",7f89379711c14f8c9e016cd5d021cb76
spotify:track:5H9S7RaxxSAgY77Mb0CSPz,03706e4d1d7f485fb17402c595c6e3d2,2025-12-25T23:20:35Z,0,"Great soundtrack and ""Time"" is a highlight for me as well. The original version with Johnny Marr on guitar is very hard to beat though",7f89379711c14f8c9e016cd5d021cb76
spotify:track:6jX5mso4x00c1EiNMrTU9U,03706e4d1d7f485fb17402c595c6e3d2,2025-12-25T23:20:35Z,1,I was thinking a classic oldie would be a good pick for this round as well.,7f89379711c14f8c9e016cd5d021cb76
spotify:track:0BcF6J2dVqLq2NnceCDWxM,8f417b39dd2c4db190f99a5c65de0d17,2025-12-26T08:49:40Z,0,At first I thought I heard Weird Al singing but then the lyrics weren't very funny. Somehow that let me down a bit haha,7f89379711c14f8c9e016cd5d021cb76
spotify:track:0GegHVxeozw3rdjte45Bfx,8f417b39dd2c4db190f99a5c65de0d17,2025-12-26T08:49:40Z,0,"It took time to grow in me, and then when I listened to it again it didn't have the staying power. Odd song... Must be in the mood for this I guess? ",7f89379711c14f8c9e016cd5d021cb76
spotify:track:20XNDz0YtYrplL0oLb3zKh,8f417b39dd2c4db190f99a5c65de0d17,2025-12-26T08:49:40Z,1,"While I listened to this genre quite a bit, it hadn't stayed with me over the years. Good nostalgia tho! ",7f89379711c14f8c9e016cd5d021cb76
spotify:track:3Kgz8aGqtXJFyihsSuNAWO,8f417b39dd2c4db190f99a5c65de0d17,2025-12-26T08:49:40Z,2,I actually really like this one! ,7f89379711c14f8c9e016cd5d021cb76
spotify:track:3RQPR2TN3DIj4dqDUEE2LO,8f417b39dd2c4db190f99a5c65de0d17,2025-12-26T08:49:40Z,1,"Great song. There have been many versions over the years but this one is definitely up there. Fun fact, Bear McReary also did the music for the new Battlestar Galactica. ",7f89379711c14f8c9e016cd5d021cb76
spotify:track:4tHqQMWSqmL6YjXwsqthDI,8f417b39dd2c4db190f99a5c65de0d17,2025-12-26T08:49:40Z,0,Smart to use a soundtrack. They are often short but still impactful. ,7f89379711c14f8c9e016cd5d021cb76
spotify:track:4w2GLmK2wnioVnb5CPQeex,8f417b39dd2c4db190f99a5c65de0d17,2025-12-26T08:49:40Z,0,Not quite my thing. ,7f89379711c14f8c9e016cd5d021cb76
spotify:track:4wsQGsdf8D0Bj26cGdvreB,8f417b39dd2c4db190f99a5c65de0d17,2025-12-26T08:49:40Z,1,"Not their best song, but Green Day is still alright in my book! ",7f89379711c14f8c9e016cd5d021cb76
spotify:track:52hm7o5MPKymBUmSJadwve,8f417b39dd2c4db190f99a5c65de0d17,2025-12-26T08:49:40Z,1,This was an odd one! Point for originality? ,7f89379711c14f8c9e016cd5d021cb76
spotify:track:5b7OgznPJJr1vHNYGyvxau,8f417b39dd2c4db190f99a5c65de0d17,2025-12-26T08:49:40Z,2,Excellent version. Frank Sinatra and Count Basie... What a powerful combination! ,7f89379711c14f8c9e016cd5d021cb76
spotify:track:5gJNUI129J3AYLlE5kA7n4,8f417b39dd2c4db190f99a5c65de0d17,2025-12-26T08:49:40Z,1,"Didn't know this K song, nice submission! ",7f89379711c14f8c9e016cd5d021cb76
spotify:track:5H9S7RaxxSAgY77Mb0CSPz,8f417b39dd2c4db190f99a5c65de0d17,2025-12-26T08:49:40Z,0,Sometimes a great song comes along and then people feel the need to remix it. For this song... there was no such need. ,7f89379711c14f8c9e016cd5d021cb76
spotify:track:6jX5mso4x00c1EiNMrTU9U,8f417b39dd2c4db190f99a5c65de0d17,2025-12-26T08:49:40Z,1,"I appreciate the old time sound. I listened to this in the car and the kids didn't agree, but they're no voting hah! ",7f89379711c14f8c9e016cd5d021cb76
spotify:track:6Um1e5MZ11SzCLiSNM8n3r,8f417b39dd2c4db190f99a5c65de0d17,2025-12-26T08:49:40Z,0,It didn't quite resonate the same with me. ,7f89379711c14f8c9e016cd5d021cb76
spotify:track:0GegHVxeozw3rdjte45Bfx,40c82386fde649698175204b126c1f48,2025-12-26T15:43:35Z,1,I think this will be several peoples favorite track this round,7f89379711c14f8c9e016cd5d021cb76
spotify:track:1k4lRM7YrGxJerGbf9VzXk,40c82386fde649698175204b126c1f48,2025-12-26T15:43:35Z,0,I couldn't appreciate this one as much as it deserves because the police sirens were not a great sound effect while I was driving,7f89379711c14f8c9e016cd5d021cb76
spotify:track:3Kgz8aGqtXJFyihsSuNAWO,40c82386fde649698175204b126c1f48,2025-12-26T15:43:35Z,1,,7f89379711c14f8c9e016cd5d021cb76
spotify:track:3RQPR2TN3DIj4dqDUEE2LO,40c82386fde649698175204b126c1f48,2025-12-26T15:43:35Z,0,"Haven't watched the show, but I like the album thumbnail!",7f89379711c14f8c9e016cd5d021cb76
spotify:track:4tHqQMWSqmL6YjXwsqthDI,40c82386fde649698175204b126c1f48,2025-12-26T15:43:35Z,1,My sisters can recite the movie lines by heart.  Kind of impressive and kind of scary,7f89379711c14f8c9e016cd5d021cb76
spotify:track:4w2GLmK2wnioVnb5CPQeex,40c82386fde649698175204b126c1f48,2025-12-26T15:43:35Z,1,,7f89379711c14f8c9e016cd5d021cb76
spotify:track:4wsQGsdf8D0Bj26cGdvreB,40c82386fde649698175204b126c1f48,2025-12-26T15:43:35Z,2,Sometimes it's not about  a songs chords or the quality of their voice.  Sometimes a song just fuckin slaps.  Good pick among green days songs.,7f89379711c14f8c9e016cd5d021cb76
spotify:track:52hm7o5MPKymBUmSJadwve,40c82386fde649698175204b126c1f48,2025-12-26T15:43:35Z,0,"If people don't consider the peter & the wolf overture to be a song, I also don't consider three outtakes to be a song",7f89379711c14f8c9e016cd5d021cb76
spotify:track:587i4g5fwUDAdl5xTP7UtW,40c82386fde649698175204b126c1f48,2025-12-26T15:43:35Z,1,,7f89379711c14f8c9e016cd5d021cb76
spotify:track:5b7OgznPJJr1vHNYGyvxau,40c82386fde649698175204b126c1f48,2025-12-26T15:43:35Z,0,"Dunno why, but I like other people's versions better than Sinatra's.",7f89379711c14f8c9e016cd5d021cb76
spotify:track:5gJNUI129J3AYLlE5kA7n4,40c82386fde649698175204b126c1f48,2025-12-26T15:43:35Z,1,"Wasn't in the mood for this, but a point for a niche 90s artist that I vaguely recall",7f89379711c14f8c9e016cd5d021cb76
spotify:track:5H9S7RaxxSAgY77Mb0CSPz,40c82386fde649698175204b126c1f48,2025-12-26T15:43:35Z,1,"I think I like the Zimmer parts a lot better than the Walker parts, but still a highlight of the ",7f89379711c14f8c9e016cd5d021cb76
spotify:track:6Um1e5MZ11SzCLiSNM8n3r,40c82386fde649698175204b126c1f48,2025-12-26T15:43:35Z,1,I saw the track artists before I looked at the voting - made me wonder which poor soul had been playing gacha games 😅,7f89379711c14f8c9e016cd5d021cb76
